Date,NoDur,Durbl,Manuf,Enrgy,HiTec,Telcm,Shops,Hlth ,Utils,Other
192607,1.17,4.03,2.3,-2.19,2.21,1.31,0.69,2.45,4.85,0.21
192608,5.28,0.28,2.11,4.41,2.61,1.08,-0.03,6.11,-2,4.53
192609,0.03,-3.34,0.53,-3.51,0.86,0.22,-0.71,0.8,2.06,-0.53
192610,-2.59,-9.46,-5.11,2.67,-5.72,-0.99,-3.28,0.13,-2.98,-2.51
192611,6.07,-0.38,1.69,1.59,1.32,1.48,1.35,7.2,5.71,0.85
192612,0.41,4.8,3.39,4.92,1.46,1.62,2.81,0.42,1.72,1.23
192701,-1.49,-2.27,0.78,3.68,0.44,0.13,-2.29,6.13,-0.44,5.16
192702,3.57,6.06,6.38,4.24,8.33,6.98,5.1,2.47,4.88,7.81
192703,-3.23,-2.36,-1.24,-9.15,-1.58,1.35,0.25,-0.2,2.19,0.04
192704,1.33,-1.17,1.57,-3.93,2.04,0.58,3.33,5.8,1.69,1.44
192705,7.13,4.15,6.24,7.43,3.14,1.6,2.11,4.79,9.29,8.42
192706,-2.12,-3.97,-3.57,-0.27,1.57,-2.63,-1.84,3.64,-3.3,-1.25
192707,6.56,6.21,7.82,2.2,7.44,4.36,5.96,8.59,4.18,4.56
192708,1.07,1.74,0.73,-1.96,-1.61,1.31,2.97,0.15,6.17,-1.69
192709,2.94,-0.77,1.42,3.97,4.28,5.2,3.75,6,9.42,3.98
192710,-1.5,-3.69,-4.63,-4.5,-3.83,-2.33,-3.7,5.15,-4.68,-4.51
192711,7.66,11.38,14.47,9.83,14.85,3.66,8.7,5.05,5.96,7.67
192712,3.51,6.59,4.86,0.6,1,3.42,1.83,-1.42,1.8,2.08
192801,4.18,-1.94,5.22,-0.48,1.8,-1.85,3.89,1.45,8.76,3.3
192802,-2.42,-2.45,-2.69,-2.02,0.08,-0.38,-1.46,-1.89,-1.63,-3.03
192803,5.56,14.9,6.48,6.21,13.47,3.2,6.16,8.96,4.95,6.19
192804,3.94,5.23,8.15,26.03,4.84,2.41,5.23,3.36,10.94,7.37
192805,2.8,8.92,3.62,-3.41,11.82,6.53,4.62,7.21,1.7,5.11
192806,-7.46,-11.47,-7.68,-6.13,-4.77,-6.27,-5.02,-1.46,-3.82,-5.64
192807,0.16,0.19,0.17,1.77,0.17,-0.08,3.24,-0.81,-1.09,-1.02
192808,5.14,10.53,7.57,0.98,5.49,2.33,7.68,9.38,5.72,4.38
192809,3,7.73,7.51,7.55,3.23,0.5,3.28,-0.06,4.94,3.6
192810,3.15,0.59,1.2,2.31,1.81,7.54,4.45,0.25,-2.22,0
192811,8.63,11.8,12.96,14.61,14.16,8.89,10.37,3.51,18.29,10.7
192812,-1.02,1.94,1.99,-7.11,3.64,-2.12,-0.15,-0.48,2.32,-1.11
192901,1.93,3.24,6.02,-6.29,7.36,7.86,-2.26,4.61,15.63,5.55
192902,-2.45,-0.95,2.47,0.98,5.55,-1.51,-0.6,-0.07,-1.52,1.29
192903,-5.37,-7.01,-2.94,5.21,5.41,10.14,-6.05,-0.5,-2.13,-4.32
192904,2.4,-1.92,1.06,1.29,4.69,-2.6,0.82,2.42,4.06,1.59
192905,-7.85,-13.89,-13.08,-8.31,-4.37,-7.24,-8.82,-6.92,2.77,-6.35
192906,4.46,7.04,11.87,3,13.39,6.37,7.41,4.73,22.76,5.28
192907,0.99,-1.52,1.93,1.66,6.51,10.42,0.83,3.11,7.56,2.75
192908,-0.08,-2.27,3.31,3.22,6.91,5.06,4.17,-0.54,10.33,3.6
192909,-3.64,-9.47,-5.14,-3.76,-2.39,-2.88,-3.27,-5.78,2.5,-4.46
192910,-16.81,-29.46,-22.11,-16.25,-26.63,-11.92,-22.88,-17.09,-30.36,-15.46
192911,-12.89,-14.81,-12.77,-9.35,-20.51,-8.86,-13.73,-4.68,-12.47,-11.09
192912,-4.45,-1.11,-3.41,-5.87,4.14,2.52,-6.86,4.01,8.98,-0.42
193001,9.36,17.16,14.33,4.51,9.7,3.66,9.14,2.39,5.52,9.77
193002,3.54,4.99,4.43,-3.15,7.29,5.48,-1.55,5.5,9.11,4.35
193003,7.67,16.76,10.73,24.92,11.39,3.85,2.27,7.68,10.6,7.05
193004,-4.88,-11.2,-8.44,1.67,-0.97,0.53,2.28,-3.32,1.34,-5.66
193005,-2.67,-6.39,-3.89,-5.89,-6.99,-2.33,-2.87,-1.81,-1.91,-3.35
193006,-14.86,-27.64,-19.15,-17.68,-24.82,-10.33,-17.88,-14.01,-17.75,-16.67
193007,2.09,8.96,4.65,2.5,6.56,4.88,0.91,8.97,3.95,3.12
193008,-0.75,-5.44,-2.61,-4.67,0.36,1.49,0.71,1.14,1.17,-1.71
193009,-12.69,-19.95,-16.19,-17.44,-21.56,-5.65,-10.49,-5.74,-11.88,-15.2
193010,-3.58,-15.49,-10.54,-12.93,-15.43,-3.02,-11.81,-5.24,-9.69,-9.32
193011,-1.27,6.37,-2.43,-6.57,-0.66,-2.39,-1.61,-2.67,-6.29,-4.44
193012,-12.13,-10.5,-14.68,-19.39,-12.84,-2.54,-16.11,-9.73,-4.63,-14.36
193101,15.34,14.44,11.75,18.09,15.11,4.39,9.99,7.99,5.21,18.92
193102,13.34,22.95,17.06,14.37,23.64,6.01,17.06,16.19,15.43,11.64
193103,-0.55,-5.06,-7.82,-12.79,-11.27,-1,-1.26,0.65,-4.48,-9.11
193104,-14.1,-20.31,-17.47,-17.66,-16.35,-7.46,-10.21,-11.43,-9.96,-14.15
193105,-9.66,-17.07,-16.41,-17.41,-11.98,-8.23,-9.48,-15.91,-11.67,-16.31
193106,15.19,19.09,21.58,21.21,16.41,10.64,7.11,12.23,10.11,22.86
193107,-2.14,-6.73,-9.62,-6.82,-9.92,-0.96,-3.66,-3.3,-2.66,-9.05
193108,-2.27,-3.48,-3.29,8.71,-2.3,-0.2,-0.14,-1.1,0.85,-4.37
193109,-27.38,-34.66,-32.23,-32.07,-37.66,-17.37,-28.87,-31.75,-32.02,-28.12
193110,10.53,13.24,12.38,10.84,13.91,0.98,7.54,13.21,8,4.81
193111,-7.54,-0.95,-9.36,-7.95,-10.22,-13.82,-8.97,-9.05,-4.52,-13.74
193112,-13.2,-17.39,-18.21,-21.94,-19.11,-13.49,-20.34,-11.51,-12.76,-21.63
193201,6.46,8.62,6.47,8.92,6.74,-1.22,5.84,0.98,-2.15,15.14
193202,2.96,2.21,1.29,4.42,3.54,5.31,1.21,-1.71,5.62,1.56
193203,-7.47,-16.49,-12.35,-4.08,-15.39,-4.34,-15.96,-8.89,-10.43,-15.37
193204,-15.92,-24.83,-19.78,-12.35,-23.4,-20.4,-10.09,-13.65,-16.22,-18.72
193205,-16.27,-22.91,-20.29,-9.81,-19.63,-18.44,-22.22,-26.3,-29.55,-24.64
193206,7.75,4.12,5.32,2.21,6.82,-10.8,2.37,5.88,-0.29,1.34
193207,36.22,37.56,46.85,47.72,46.06,30.19,24.2,30.86,36.79,56.12
193208,57.45,74.74,70.08,43.35,53.99,36.21,67.83,40.14,65.6,77.27
193209,-4.98,2.85,-6.22,-7.89,-7.81,1.85,-3.94,-2.82,-7.78,-7.73
193210,-13.58,-22.86,-18.3,-8.48,-18.75,-11.86,-14.84,-17.01,-13.79,-18.1
193211,-7.61,-7.44,-4.51,-4.45,-8.74,-1.24,-6.82,-3.77,-6.58,-10.25
193212,-2.21,-5.77,-3.53,-4.94,-2.34,-0.48,-5.65,-0.92,3.05,-4.19
193301,3.77,2.61,4.37,-1.49,5.86,-0.55,0.53,-1.45,-5.68,7.7
193302,-7.95,-25.58,-17.09,-9.45,-16.57,-12.29,-17.35,-11.27,-21.74,-16.37
193303,14.73,4.63,15.51,8.54,9.86,-1.54,17.79,5.31,-12.56,3.14
193304,53.81,63.74,59.84,39.08,54.68,34.49,43.53,23.01,35.11,41.66
193305,46.49,81.29,61.6,60.58,50.54,19.21,64.61,34.64,45.53,65.74
193306,22.82,32.34,20.44,21.85,16.12,12.65,24.68,9,20.45,22.65
193307,-9.05,-13.2,-10.41,-14.29,-6.68,0.95,-12.9,-18.42,-17.24,-2.23
193308,10.54,14.63,13.08,15.25,15.62,6.11,10.12,3.55,1.55,7.59
193309,-13.86,-16.98,-14.43,-9.18,-14.81,-8.52,-15.37,-7.25,-23.04,-17.91
193310,-8.57,-13.39,-10.75,-9.68,-13.04,-7.82,-10.63,-4.94,-10.32,-11.62
193311,3.57,11.25,9.24,6.84,9.93,3.71,8.07,6.49,-0.55,3.22
193312,-0.15,9.17,3.7,-7.41,10.38,-0.21,1.4,-10.96,-2.41,1.28
193401,27.04,39.71,29.73,31.14,35.4,13.45,36.97,28.57,28.15,35.82
193402,-0.29,3.7,1.08,0.07,-5.08,-2.37,7.74,-3.92,0.24,0.96
193403,1.34,-1.55,0.33,-3.06,3.36,-2.25,5.3,-1.9,-1.62,0.41
193404,2.44,-7.83,0.19,0.86,-2.22,-1.63,0.67,1.24,-3.14,0.07
193405,-8.27,-14.63,-12.7,-9.32,-8.7,-7.05,-12.88,-9.77,-10.79,-9.28
193406,1.76,-5.89,1.41,1.14,4.15,2.14,-0.07,1.4,2.71,-2.56
193407,-14.81,-21.41,-19.15,-16.71,-17.1,-9.54,-16.09,-12.43,-22.47,-22.06
193408,7.92,10.11,11.59,8.99,9.89,0.1,8.19,2.43,4.23,10.46
193409,-0.69,-3.5,-2.75,-1.7,-0.92,0.09,5.05,-1.42,0.54,-1.35
193410,-1.96,-1.32,-2.15,-4.16,-0.17,-4.45,5.63,1.82,-7.54,-4.7
193411,10.97,26.93,19.39,7.8,16.39,-0.6,10.92,4.84,0.68,6.31
193412,0.41,5.25,4.26,-0.66,-0.26,2.97,1.67,0.1,-9.03,-0.45
193501,-2.72,-7.51,-2.44,-0.43,-4.88,-3.15,-2.78,-1.53,-3.34,-4.35
193502,-1.86,-5.54,-4.74,-3.56,-1.26,-3.7,-7.17,-1.05,-15.88,-9.3
193503,-8.03,-9.67,-7.84,-7.44,-6.75,-2.18,-6.9,-4.7,11.97,-8.31
193504,6.43,13.77,10.38,14.3,12.59,10.62,3.14,3.3,10.38,10.32
193505,3.15,-2.56,2.19,-0.48,1.6,5.24,1.43,-1.33,22.72,2.85
193506,2.49,9.16,5.03,0.29,11.64,6.4,3.1,4.04,3.37,3.43
193507,5.06,20.63,14.45,2.68,14.94,8.57,10.66,10.04,15.39,9.88
193508,5.61,5.25,5.49,8.46,3.09,5.32,11.79,0.58,20.43,13.92
193509,4.34,12.82,4.36,-2.5,5.02,0.28,-1.54,5.85,-7.79,-0.88
193510,5.13,13.62,8.98,10.96,17.21,12.75,10.76,10.08,19.66,2.83
193511,9.42,11.79,12.05,14.57,9.83,8.77,10.93,1.43,1.32,29.75
193512,2.55,6.11,8.26,14.81,9.42,2.44,-0.46,8.48,7.81,3.64
193601,13.55,10.67,11.65,24.36,10.06,5.36,7.66,13.98,19.55,23.07
193602,1.76,10.32,7.02,2.66,3.41,5.31,1.22,1.26,-8.18,4.83
193603,-0.77,6.43,0.67,1,0.13,-3.12,3.99,3.47,5.77,-1.56
193604,-10.45,-16.65,-13.16,-12.04,-10.53,-7.86,-11,-14.09,-10.16,-12.51
193605,2.69,4.21,6.03,-1.3,6.68,3.05,7.86,6.25,10.95,6.59
193606,0.87,0.91,-1.34,-0.08,0.25,2.72,2.19,0.78,2.08,-0.66
193607,5.59,7.24,9.41,5.54,9.96,2.19,10.71,5.92,10.22,7.33
193608,0.94,2.62,3.37,0.6,0.29,1.33,3.6,-1.07,-1.35,2.19
193609,2.29,4.6,2.94,6.73,5.23,2.5,6.15,1.06,0.33,2.18
193610,5.96,4.41,7.21,8.51,4.88,4.78,8.79,3.54,3.42,6.38
193611,9.65,4.34,10.93,8.66,6.71,4.62,15.75,5.46,-2.56,8.18
193612,1.01,-4.46,6.22,13.11,-0.68,-3.07,-6.58,-2.45,1.47,3.43
193701,5.69,11.27,10.57,7.23,4.88,-0.29,3.95,8.96,7.88,6.78
193702,1.3,2.45,2.85,-1.05,1.14,-2.82,3.77,-3.49,-4.17,6.62
193703,-0.97,-3.42,1.92,4.85,-4.84,-1.86,-2.75,-3.36,-7.56,1.43
193704,-8.78,-11.48,-10.36,-8.06,-9.38,-6.81,-10.66,-5.41,-10.07,-11.48
193705,-2.2,-3.91,-0.2,-2.57,1.24,-2.69,-4.06,0.28,-6.62,-4.37
193706,-6.46,-9.83,-6.31,-6.28,-5.18,-6.07,-5.72,-6.9,-6.85,-12.25
193707,7,14.45,9.9,7.73,9,7.17,9.86,6.2,23.28,10.32
193708,-3.72,-6.23,-5.01,-6.46,-2.03,-2.52,-5.44,-4.45,-10.98,-6.77
193709,-16.88,-21.96,-21.42,-19.22,-20.45,-10.68,-18.56,-12.57,-16.16,-19.13
193710,-8.76,-13.19,-12.68,-6.68,-12.31,-6.74,-8.68,-4.84,-2.64,-9.36
193711,-10.61,-15.51,-11.05,-11.44,-11.55,-6.64,-14.4,-9.71,0.02,-9.45
193712,-7.63,-18.12,-8.61,-6.8,-5.92,-6.96,-13.14,-6.68,-12.41,-12.88
193801,6.44,10.77,2.89,2.68,2.85,2.63,5.94,4.12,-8.03,3.98
193802,4.36,4.28,8.63,6.19,9.94,2.36,4.35,5.23,7.12,4.34
193803,-24.14,-32.72,-29.76,-28.2,-29.9,-22.98,-26.44,-16.34,-27.17,-30.81
193804,17.16,21.86,21.61,18.46,22.48,16.12,18.64,13.63,21.86,21.28
193805,-4.99,-12.48,-8.78,-9,-6.6,-0.86,-5.51,-2.38,2.54,-6.13
193806,23.78,40.26,37.71,28.52,33.88,19.91,30.15,15.38,23.75,27.47
193807,12.62,19.64,10.6,11.73,13.58,6.24,14.47,6.46,1.07,13
193808,-6.59,-2.02,-4.94,-10.02,-3.95,-4.6,-5.49,-2.78,-8.89,-9.34
193809,-2.38,-1.09,-0.89,-1.24,-0.78,-3,-1.11,-1.88,1.28,-2.82
193810,11.12,17.99,16.29,6.69,14.38,2.08,13.28,9.67,28.55,14.4
193811,-3.67,-5.83,-1.88,-2.8,-4.79,-0.38,-0.93,1.51,-10.3,-7.44
193812,-0.46,0.08,5.83,2.47,6.51,0.04,0.58,-0.2,3.59,4.74
193901,-4.84,-9.45,-10.26,-8.25,-9.26,-1.89,-3.39,-5.45,-1.52,-7.72
193902,4.02,5.49,3.82,0.7,3.35,2.93,6.13,4.9,9.35,3.84
193903,-12.24,-22.07,-20.99,-14.58,-19.64,-5.59,-13.81,-8.15,-18.14,-17.16
193904,1.69,0.39,-0.42,0.45,-0.33,3.34,0.37,-0.24,2.59,-1.75
193905,6.31,7.69,9.7,5.19,10.66,10.45,14.37,6.14,10.04,6.4
193906,-5.24,-11.31,-10,-6.24,-11.68,-7.47,-4.41,-3,-7.65,-10.2
193907,10.56,18.76,16.86,5.59,17.51,15.31,10.03,8.22,17.86,12.55
193908,-8.93,-12.48,-11.63,-6.25,-12.33,-8.33,-11.12,-10.36,-8.41,-11.1
193909,36.35,38.69,41.45,71.54,21.99,9.92,13.36,14.89,9.54,55.43
193910,-0.58,0.84,-1.08,-5.73,-1,3.11,6.26,2.87,0.04,-3.39
193911,-5.63,-7.31,-9.2,-13.67,-5.24,0.06,-4.5,-3.33,-5.98,-10.61
193912,3.03,1.92,3.88,-1.41,0.88,5.99,-1.11,0.38,0.8,-0.62
194001,1.2,-2.04,-4.48,-1.1,-1.32,-1.49,-1.05,-1.13,-3.97,-0.65
194002,4.71,4.11,3.43,1.4,1.95,4.61,3.73,1.53,-2.07,1.51
194003,-0.32,5.32,1.95,1,4.93,2.95,6.28,4.87,5.79,3.54
194004,3.21,-1.68,2.23,3.84,0.16,-1.64,-0.17,1.69,-3.52,-0.16
194005,-26.67,-28.02,-26.89,-27.09,-23.88,-23.56,-27.55,-22.32,-25.41,-27.59
194006,4.87,8.05,5.42,6.96,3.94,9.79,7.95,3.69,30.29,6.11
194007,1.83,3.58,4.89,2.97,5.09,0.75,5.4,1.51,-2.44,4.06
194008,1.51,4.63,2.87,0.49,6.07,2.2,2.83,-0.98,-1.92,1.14
194009,1.98,7.12,5.34,3.09,3.11,1.53,3.97,4.44,-2.08,2.96
194010,2.21,8.13,6.88,3.58,6.65,6.01,0.73,-0.18,10.32,4.25
194011,0.81,2.44,0.07,1.79,-3.03,-0.36,2.43,-0.49,-17.16,-1.67
194012,-2.04,-1.23,-0.22,-0.79,0.5,-1.7,-3.24,-0.68,-2.28,-4.66
194101,1.07,-4.9,-5.2,-3.11,-0.46,0.11,0.36,3.43,-2.48,8.53
194102,-1.36,-2.86,-2.33,-1.27,0.42,0.22,-4.1,-3.32,0.24,-1.6
194103,2.17,-0.73,0.05,3.47,3.15,0.32,1.93,0.3,-7.77,4.02
194104,-6.33,-8.37,-6.4,1.26,-6.56,-5.62,-4.97,-5.87,-12.78,-4.67
194105,0.38,0.89,2.17,6.75,-0.21,1.14,0.51,3.3,-4.85,-1.13
194106,6.27,7.05,7.08,7.6,7.83,1.44,9.11,4.43,6.54,4.77
194107,13.24,14.2,10.68,15.58,6.82,13.57,13.17,12.65,9.34,17.57
194108,0.91,-2.69,-1.29,-2.31,-1.56,0.53,2.6,0.45,-2.33,-1.04
194109,0.56,-2.88,-2.75,-1.83,0.3,-3.17,-1.35,2.58,-3.92,-3.85
194110,-5.25,-8.02,-6.78,0.09,-7.68,-5.32,-6.46,-2.48,-13.56,-6.19
194111,-2.28,-5.35,-2.66,-2.62,-1.71,-8.3,-4.46,0.04,-11.76,-3.79
194112,-7.26,-8.21,-5.05,-13.28,-6.96,-5.24,-12.83,-3.98,-11.78,-11.12
194201,10.34,14.47,7.03,9.91,9,-4.43,7.03,2.96,17.68,35.3
194202,-2.71,3.7,-0.55,-2.93,-1.1,-6.45,-1.35,-5.39,-2.54,-2.65
194203,-6.29,-0.26,-3.74,-5.61,0.47,-4.62,-4.53,-4.48,-11.82,-8.96
194204,-4.75,-3.62,-5.64,-4.17,-5.29,-0.94,-5.95,-3.16,-5.72,-2.25
194205,4.44,0.41,1.02,2.3,6.26,9.6,6.22,7.62,6.83,1.91
194206,3.72,1.28,2.1,4.57,3.52,1.4,1.78,4.64,0.05,2.16
194207,4.38,4.84,3.45,5.02,5.32,3.27,5.43,2.45,0.12,7.16
194208,1.92,4.06,2.08,4.85,1.72,2.64,1.02,3.02,2.1,5.44
194209,3.16,4.57,3.27,7.12,4.68,8.88,1.77,2.02,10.68,9.03
194210,7.58,12.06,9.8,8.96,11.17,15.01,5.66,4.8,23.2,11.95
194211,0.87,-4.19,-2.97,-0.88,0.69,5.54,3.51,1.69,-4.77,-3.98
194212,3.47,3.42,3.76,5.12,8.95,4.68,0.37,9.48,5.03,1.85
194301,14.79,17.52,13.41,13.74,9.07,9.53,15.7,6.07,36.7,26.5
194302,8.43,15.05,10.34,9.27,7.14,8.44,8.14,6.05,23.47,27.07
194303,9.93,15.26,9.99,15.09,10.92,6.54,13.63,11.93,2.39,11.93
194304,4.57,3.46,-0.3,4.13,2.57,8.01,7.18,5.01,11.68,5.93
194305,7.39,9.52,6.84,6.6,9.43,6.12,8.93,3.56,17.96,10.54
194306,2.92,2.03,0.87,-1.48,3.25,1.79,6.24,2.42,0.97,-2.5
194307,-4.98,-10.58,-7.96,-4.37,-8.66,-3.15,-0.65,-2.75,-5.91,-7.46
194308,0.31,2.09,0.02,0.77,0.81,-1.12,2.03,-1,-1.13,-0.49
194309,3.91,2.08,2.63,4.04,4.63,5.81,5.96,3.85,5.66,3.14
194310,2.1,-1.51,0.03,-1.99,-1.67,6.18,-1.81,-0.06,0.06,-1.54
194311,-6.01,-11.61,-9.06,-8.78,-9.17,-6.01,-6.73,-5.67,-11.73,-11.45
194312,9.82,14.26,9.57,9.26,11.95,6.92,7.95,5.95,9.55,9.64
194401,4.76,4.99,4.6,2.33,5.17,4.71,2.98,2.51,2.58,6.15
194402,1.13,1.14,0.89,1.43,-1.13,1.92,3.44,-2.29,2.2,2.82
194403,4.12,5.55,2.76,7.05,4.32,2.72,5.65,5.86,2.37,4.56
194404,-2.28,-3.18,-3.17,-1.62,-2.32,-3.47,-2.41,-1.86,-4.12,-3.91
194405,6.33,11.53,6.88,4.55,6.83,7.19,8.49,5.44,1.73,4.9
194406,7.05,23.12,10.76,3.66,10.12,6.94,8.05,5.61,8.75,12.53
194407,-0.58,-2.25,-1.79,0.9,-2.25,0.13,0.16,-2.61,-0.83,-1.76
194408,3.99,7.94,3.18,-1.34,1.75,1.93,2.63,0.07,6.81,1.7
194409,-0.18,0.3,0.89,-2.26,0.21,0.47,0.92,1.54,-3.39,-0.83
194410,0.32,-2.79,-0.29,0.45,0.06,0.58,3.54,-0.6,-0.93,-0.07
194411,2.76,1.92,2.3,2.72,1.13,0.32,2.74,1.48,-2,3.24
194412,3.42,7.03,6.39,10.61,6.36,2.87,4.2,5.32,2.88,13.11
194501,4.37,6.61,4.62,4.9,2.94,3.26,3.78,1.75,8.84,3.18
194502,4.98,10.08,8.82,10.21,6.2,4.33,8.99,6.28,9.94,10.48
194503,-4.32,-7.7,-6.35,-7.21,-6.22,-5.26,-3.55,-3.34,-4.93,-5.42
194504,7.44,12.89,8.83,6.48,9.18,5.67,8.26,9.73,12.06,9.39
194505,4.4,3.86,1.88,-0.31,0.55,3.62,4.93,3.96,2.39,3.94
194506,4.44,1.9,2.97,1.48,-0.68,3.79,-0.61,-3.29,8.95,8.6
194507,-2.72,-1.66,-4.16,-3.14,-3.85,-2.78,-1.93,-2.09,1.93,-5.69
194508,7.23,9.43,8.46,2.79,8.86,2.67,7.78,9.96,1.24,2.53
194509,5.36,4.42,6.93,4.31,4.68,3.38,7.66,6.96,8.43,6.71
194510,9.92,1.16,4.58,9.51,2.55,4.49,8.55,7.62,9.91,7.74
194511,9.05,7.92,7.83,12.33,6.65,9.54,13.95,9.49,8.02,12.1
194512,1.32,4.71,2.6,0.65,3.04,1.41,5.87,2.81,-1.01,1.47
194601,8.92,9.79,9.97,3.15,7.03,2.19,7.84,9.56,14.77,11.6
194602,-6.68,-9.14,-6.57,-4.99,-7.89,-7.26,-3.82,-4.32,-5.7,-7.37
194603,5.64,2.53,5.8,9.94,3.07,0.42,12,15.6,6.13,2.81
194604,6.47,1.93,4.74,7.61,2.41,0.25,10.91,13.6,4.73,3.41
194605,4.18,8.72,6.48,5.65,6.56,1.13,5.38,5.93,3.44,3.95
194606,-4.52,-6.92,-4.71,-3.38,-6.36,-4.21,-6.89,-6.93,-2.71,-4.31
194607,-1.68,-6.11,-4.79,-0.72,-5.4,-4.31,-3.8,-3.9,-4.58,-5.45
194608,-7.06,-10.19,-7.1,-7.33,-9.14,-5.66,-7.2,-4.91,-4.51,-8.53
194609,-11.96,-18.41,-13.51,-11.44,-12.83,-15.07,-11.82,-7.74,-10.03,-16.08
194610,1.59,-2.69,-2.01,-0.9,-2.4,-4.51,-4.45,-2.37,1.15,-0.45
194611,-2.12,-0.6,0.8,1.44,-1.38,-2.88,-1.96,1.18,0.72,-0.55
194612,4.06,5.99,6.51,6.18,7.82,2.37,3.03,7.23,6.11,0.75
194701,1.57,9.99,2.95,1.27,5.4,3.8,0.69,-2.73,0.76,4.03
194702,0.15,-1.39,-0.6,0.18,-2.21,-6.09,0.24,-4.21,-1.62,-0.32
194703,-3.36,-3.86,-2.72,1.48,-3.15,-4.46,-3.2,-1.26,-3.14,-4.43
194704,-8.69,-9.63,-8.17,-2.43,-8.04,-6.61,-10.11,-8.46,-5.24,-9.1
194705,-3.18,-6.15,-4.4,-1.93,-2.94,-2.86,-2.65,-5.38,-2.56,-4.22
194706,6.11,4.88,5.1,9.88,6.06,7.68,8.98,3.07,3.39,4.73
194707,5.39,8.45,6.43,7.1,7.65,2.23,5.58,3.97,3.85,6.78
194708,-0.79,-1.28,-1.05,-0.68,-2.55,-2.07,-3.46,-4.93,-0.28,-3.47
194709,1.23,1.67,1.6,1.5,2.15,-0.41,-2.14,-3.97,-1.62,-0.55
194710,3.06,6.18,3.95,6.78,3.83,-1.68,3.6,3.6,1.06,0.88
194711,-2.76,-3.74,-2.66,-0.39,-1.7,-8.28,-3.45,-2.87,-7.76,-2.9
194712,0.12,2.14,2.1,12.37,1.32,-1.61,-1.11,0.87,0.02,4.74
194801,-2.63,-4.16,-2.54,-4.14,-3.32,3.29,-0.89,-5.61,0.92,2.42
194802,-6.59,-7.73,-6.3,-4.65,-6.23,-4.21,-5.52,-4.78,-3.37,-5.66
194803,6.17,10.56,11.16,12.24,12.37,9.35,6.54,6.51,7.03,10.87
194804,2.48,1.8,2.69,13.77,2.43,3.4,5.57,1.52,2.51,4.85
194805,7.45,13.99,8.67,7.7,12.34,6.66,9.25,7.24,7.12,8.43
194806,-2.47,-1.77,-2.21,2.39,-0.54,1.38,-2.04,-1.03,2.31,-1.42
194807,-2.85,-6.67,-5.6,-7.76,-6.35,-8.35,-6.31,-4.64,-3.13,-5.46
194808,-0.03,-0.55,-0.11,-1.65,0.11,-2.15,0.27,-1.91,-0.36,0.04
194809,-4.21,-4.99,-3.93,-6.4,-4.17,-5.59,-3.5,-3.42,-1.91,-5.24
194810,3,7.25,5.82,7.73,5.55,4.42,3.7,5.13,4.94,6.03
194811,-8.64,-14.26,-11.12,-13.32,-10.32,-10.36,-8.36,-7.32,-9.74,-11.58
194812,-0.89,-1.21,1.26,5.79,6.54,-0.5,-0.11,2.68,3.03,1.54
194901,4.07,1.15,1.33,-3.88,-2.27,4.51,3.26,4.85,4.51,2.02
194902,-3.7,-6.35,-4.13,-5.41,-6.86,-6.76,-3.29,-2.45,0.45,-4.21
194903,5.32,7.32,5.93,6.54,4.87,6.64,5.56,6.21,5.44,6.47
194904,-2.43,-6.82,-4.79,-1.56,-5.28,-7.73,-0.91,0.26,0.75,-1.75
194905,-2.23,-6.52,-5.27,-5.93,-6.38,-4.46,-0.98,-2.68,-0.57,-5.52
194906,0.45,-0.93,-1.64,-0.41,-3.55,3.46,2.55,1.04,-0.89,-1.66
194907,5.94,9.38,6.77,6.12,7.73,3.87,3.86,5.39,5.22,5.72
194908,2.59,2.13,2.21,6.26,1.57,1.35,2.31,0.81,4.37,1.96
194909,3.08,6.08,4.08,4.34,4.99,15.09,4.45,3.5,4.52,4.54
194910,3.4,6.96,4.4,3.72,4.38,6.21,1.55,3.45,0.89,4.72
194911,0.93,2.89,1.17,-1.21,1.05,-1.73,0.29,2.58,3.71,-0.24
194912,6.8,9.42,7.29,1.56,9.35,13.93,5.89,8.13,4.06,8.53
195001,4.6,4.76,3.1,1.76,9.71,1.51,3.01,2.16,3.97,4.98
195002,-0.68,2.96,2.51,-0.84,4.31,0.88,0.92,3.93,3,1.52
195003,-0.55,1.67,-1.17,3.43,3.19,6.48,-1.58,-2.92,0.95,-0.55
195004,1.82,10.33,6.19,4.09,8.77,19.07,2.75,5.63,0.21,3.94
195005,3.24,3.74,4.33,9.24,-0.05,-2.72,2.53,1.45,1.25,1.78
195006,-6.73,-9.71,-7.66,-7,-9.47,-9.47,-4.91,-6.37,-7.69,-8.19
195007,6.35,1.66,6.79,10.7,-0.64,-2.26,1.89,-3.18,-4.75,8.69
195008,4.19,7.72,5.74,5.72,6.82,7.9,4.41,4.05,4.03,3.25
195009,4.52,6.17,5.75,2.41,7.4,4.54,6.69,5.85,4.23,6.01
195010,-0.17,-2.21,0.31,0.04,-3.41,-2.02,-1.26,0.55,-1,-0.25
195011,0.93,-0.56,5.5,5.48,1.74,-1.29,0.81,3.28,-0.89,5.52
195012,6.8,10.05,8.74,10.35,5.25,2.26,4.73,6.3,3.86,13.95
195101,6.77,9.26,8.48,6.28,9.77,4.31,7.68,4.05,6.17,6.91
195102,1.32,1.49,0.84,0.05,2.89,4.47,1.71,2.16,2.72,0.49
195103,-3.96,-3.02,-3.79,-3.31,-3.39,-1.93,-3.82,-0.04,-0.67,-3.68
195104,2.1,4.01,6.47,8.62,4.79,2.81,-0.01,8.9,0.95,2.44
195105,-1.31,-3.8,-2.79,-3.65,-2.71,-5.98,-1.93,-0.23,0.74,-3.88
195106,-4.57,-7.66,-5.53,-1.25,-3.85,-5.38,-3.3,-1.45,-0.88,-5.4
195107,2.63,4.31,8.78,9.41,4.91,7.4,2.68,10.8,5.02,6.86
195108,3.16,6.51,5.74,5.44,6.18,6.56,4.21,-0.63,2.89,4.56
195109,0.41,2.4,2.7,2.27,2.91,0.57,2.29,0.02,1.12,4.09
195110,-2.19,-2.86,-2.55,-0.85,-3.63,-6.55,-3.48,-3.58,0.96,-3.22
195111,-0.7,1.56,0.14,-0.24,2.53,4.73,1,-1.33,2.02,2.04
195112,0.54,1.72,2.12,1.71,2.93,0.58,-0.59,3.19,2.89,1
195201,0.4,0.3,1.59,6.77,0.73,2,0.48,2.52,3.21,2.1
195202,-1.54,-1.61,-3.16,-2.21,-1.5,-1.36,-1.84,-3.56,-0.23,-1.69
195203,1.69,3.5,2.7,6.11,3.51,0.09,1.58,0.21,1.69,4.47
195204,-3.55,-4.42,-6.04,-7.58,-2.94,-3.59,-2.54,-4.83,-1.72,-3.91
195205,1.93,2.51,2.31,3.19,1.13,0.44,2.65,1.06,3.23,2.63
195206,1.89,2.09,3.48,4.35,4.08,2.18,3.05,0.95,1.67,4.14
195207,0.1,1.1,1.8,-0.97,1.65,3.11,1.25,-2.22,1.87,0.74
195208,0.86,1.25,-0.69,-2.29,0.56,0.64,-0.24,-0.01,2.2,-0.07
195209,-2.32,-0.09,-2.3,-4.06,1.67,2.28,-1.07,-2.25,0.66,-1.2
195210,-1.87,-0.59,-1.5,0.02,-0.5,0,-0.99,-1.48,-0.22,-1.16
195211,4.92,5.79,6.65,2.42,6.64,5.77,3.64,5.39,5.01,6.19
195212,2.2,1.78,1.9,4.82,2.91,0.76,0.73,-0.26,1.86,3.6
195301,2.83,4.48,2.95,-1.42,1.68,6.22,2.17,-2.37,1.06,3.11
195302,2.69,1.65,1.02,0.36,0.72,4.57,0.79,2.07,1.07,0.6
195303,-1,-2.67,-1.9,2.58,-2.38,-1.32,0.03,-0.02,0.56,-1.47
195304,-0.84,-3.31,-2.57,-3.62,-2.48,4.63,-1.59,-2.47,-3.14,-2.7
195305,0.73,-0.6,0.54,1.44,-0.2,0.51,0.88,0.65,-0.33,1.46
195306,-3.04,-5.27,-3.54,-1.48,-2.98,1.78,-3.04,-3.13,-2.85,-3.04
195307,1.78,0.39,1.58,1.79,1.48,3.23,1.89,2.58,3.22,1.62
195308,-4.23,-6.42,-5.87,-7.58,-6.57,-2.46,-2.71,-1.86,-0.21,-7.07
195309,-1.56,-2.64,-0.7,-3.25,2.26,2.11,-1.32,-0.38,1.27,-2.45
195310,1.37,6.61,4.99,4.23,3.97,2.72,0.77,2.7,4.68,3.26
195311,0.55,1.94,2.77,2.12,1.03,3.52,0.63,6.31,2.91,2.75
195312,-1.82,-3.1,-1.32,-1.58,-0.67,-2.33,-2.05,0.05,0.84,-2.26
195401,6.57,6.79,7.95,10.12,7.3,3.75,6.72,5.92,3.51,7.46
195402,0.7,0.26,1.53,1.97,1.88,3.37,0.16,1.34,2.13,1.73
195403,1.11,1.33,4.39,2.84,4.01,1.65,1.31,0.15,2.78,2.86
195404,-0.97,-0.8,2.95,3.33,3.54,2.03,0.03,2.18,1.16,2.24
195405,4.74,4.57,4.73,3.99,2.52,3.61,2.48,2.33,2.63,5.43
195406,1.3,0.85,1.62,-2.79,3.78,0.83,1.63,-0.31,1.35,1.35
195407,7.69,5.72,7.69,2.81,7.72,9.03,8.77,7.08,5.85,7.67
195408,-1.35,-1.34,-1.36,0.57,-3.21,0.67,0.33,-1.74,-1.35,0.22
195409,3.1,5.02,4.84,6.89,6.1,4.61,4.27,5.43,1.9,4.28
195410,-0.62,-1.12,-0.23,-1.46,-0.26,1.61,-2.33,0.28,-3.51,0.88
195411,6.42,6.41,11.08,9.44,12.28,9.19,6.64,12.04,5.01,10.55
195412,6.98,8.98,9.5,9.49,8,13.85,7.04,8,3.88,12.77
195501,1.75,2.12,1.18,-0.08,1.87,3.36,1.4,-2.24,1.51,1.94
195502,2.42,5.35,5.32,3.57,6.58,2.54,2.48,3.8,3.84,4.41
195503,-0.29,-0.07,0.13,0.84,0.22,2.75,-1.57,4.59,-0.89,0.92
195504,2.2,3.98,1.74,0.57,2.55,5.49,2.45,4.12,2.58,3.23
195505,-0.52,0.35,0.59,0.6,0.94,1.3,1.63,1.05,-0.06,2.09
195506,1.91,2.12,5.28,7.09,3.35,-2.27,3.83,1.47,1.66,2.19
195507,1.92,3.07,0.17,-0.58,-2.76,4.31,1.98,1.02,3.31,-0.94
195508,-1.19,-0.24,1.91,1.5,-0.23,-3.97,-0.03,-0.25,0.06,0.47
195509,-0.94,1.91,-0.27,-1.42,-2.92,-2.61,0.25,-1.15,-2.19,-1.59
195510,-0.52,-3.21,-1.64,-1.6,-3.14,-4.52,-1.54,0.94,-1.2,-2.44
195511,2.06,5.24,7.38,9.41,6.48,3.76,2.25,6.97,3.07,6.44
195512,1.56,0.7,3.05,4.4,3.64,1.25,2.21,7.3,0.26,1.27
195601,0.13,-3.76,-3.37,1.95,-3.32,0.88,-1.71,-4.49,-0.3,-2.84
195602,1.28,4.62,4.46,5.47,4.7,-0.61,0.91,4.05,1.88,3.68
195603,2.13,3.54,7.21,8.76,7.2,5.67,2.26,7.09,3.36,4.52
195604,-0.1,-1.55,1.15,1.23,0.73,-1.03,-0.42,1.28,-1.45,1.23
195605,-3.43,-5.66,-4.88,-2.95,-5.92,-3.82,-2.53,-3.51,-0.55,-4.66
195606,0.43,2.51,3.02,3.55,2.64,2.59,1.46,2.26,2.25,1.29
195607,1.41,3.08,5.88,5.37,3.8,3.68,1.71,4.34,4.83,2.75
195608,-0.51,-0.13,-1.75,-3.78,-1.95,-1.43,-1.49,-3.27,-1.69,-3.01
195609,-2.66,-2.96,-4.12,-5.06,-3.75,-5.05,-2.96,-3.02,-3.58,-3.23
195610,1.38,0.53,0.78,0.97,0.22,-4.07,1.17,0.66,1.04,0.06
195611,0.69,-0.83,0.59,9.16,-0.44,-1.1,-0.73,-0.92,0.2,-0.62
195612,0.52,-0.55,4.28,0.08,4.5,1.55,-0.58,6.22,1.63,2.43
195701,3.01,1.38,-1.84,-3.05,-0.05,3.23,1.85,-1.17,2.78,0.85
195702,-1.6,-2.59,-2.88,-3.44,-2.72,-1.67,-1.12,0.14,0.09,-3.31
195703,0.97,2.91,2.05,1.81,4.35,1.9,2.32,6.87,2.21,2.5
195704,2.07,2.86,1.98,5.44,4.85,4.12,1.74,4.6,2.26,2.87
195705,0.74,1.59,1.82,7.22,4.5,0.65,2.18,4.5,1.91,1.78
195706,-0.31,-0.44,-0.4,-4.09,1.71,-2.49,0.66,4.11,-4.76,-0.44
195707,0.18,0.64,0.37,-0.27,0.32,-1.16,1.3,2.11,0.55,1.17
195708,-3.22,-4.36,-6.19,-6.4,-7.43,-4.22,-2.36,-2.37,-2.33,-5.7
195709,-3.04,-5.33,-7.17,-7.14,-6.27,-3.51,-2.15,-1.54,-2.15,-6.6
195710,-5.13,-7.71,-6.99,-8.8,-8.59,-7.38,-5.53,-1.6,-1.06,-8.8
195711,2.27,-1.04,2.05,4.66,5.96,-0.11,1.49,7.41,4.27,-0.63
195712,-2.1,-7.83,-6.9,-9.77,-7.07,-3.71,-3.1,-0.6,2.96,-5.48
195801,11.54,11.93,11.56,6.96,10.11,15.43,8.45,2.36,6.73,13.15
195802,0.71,-3.42,-2.19,-5.17,-2.26,-2.92,1.08,4.28,1.34,-1.07
195803,3.97,2.51,3.35,8.1,5.08,3.97,3.6,10.34,2.07,2.08
195804,4.73,2.76,1.37,2.86,1.11,8.16,3.31,8.46,5.09,4.01
195805,3.51,4.47,4.52,4.49,5.85,3.63,3.36,2.43,1.9,3.61
195806,2.4,4.25,2.43,5.59,3.82,5.7,3.31,2.72,2.5,4.61
195807,3.28,7.03,8.29,4.65,4.21,2.27,3.14,4.17,1.08,5.55
195808,4.66,6.51,2.68,1.58,4.68,5.95,4.83,3.29,-0.91,2.31
195809,5.29,7.8,5.23,2.55,5.28,4.47,5.64,11.1,2.58,6.03
195810,2.42,4.93,3.01,0.43,7.04,0.45,2.33,1.31,4.17,3.85
195811,3.29,5.89,3.16,2.15,10.4,9.85,5.93,8.59,3.19,4.44
195812,3.92,4.18,4.24,2.13,5.35,3.12,2.58,4.95,5.24,2.81
195901,4.99,5.61,4.55,3.93,2.3,5.16,5.51,-0.09,2.58,4.05
195902,3.08,4.39,3.11,-4.42,8.66,10.07,4.24,4.86,0.98,1.47
195903,1.37,3.42,0.55,2.9,3.17,2.46,0.3,4.51,1.31,0.08
195904,1.47,6.44,2.9,0.97,9.98,5.33,1.21,11.06,-0.6,1.24
195905,-0.07,3,1.96,-1.06,0.99,-3.29,0.46,-2.46,-1.29,0.92
195906,1.04,-0.29,1.45,-2.12,1.07,1.43,0.72,6.27,-2.29,-0.26
195907,4.41,2.61,2.85,5.17,1.83,4.26,3.98,3.79,4.07,0.85
195908,-0.56,-0.18,-2.34,-3.38,-4.69,0.96,0.44,0.02,1.79,-2.05
195909,-2.06,-4.6,-5.07,-8.05,-5.9,-5.77,-3.7,-6.1,-4.32,-4.07
195910,1.32,5.17,1.57,2.28,7.19,5.74,1.25,5.48,1.3,1.22
195911,-0.17,1.92,2.54,-0.3,5.81,0.13,2.28,4.8,0.64,-0.48
195912,2.02,4.19,2.11,2.02,3.73,5.68,2.72,-0.91,1.4,1.98
196001,-2.42,-4.65,-4.79,-4.73,-8.19,-4.72,-3.27,-4.71,-1.63,-2.6
196002,1.48,-0.4,0.28,-3.05,5.89,2.64,1.12,1.2,2.03,-0.01
196003,-2.88,-5.94,-3.43,-1.32,-2.49,-1.29,-1.52,0.15,1.94,-2.7
196004,-0.68,-3.75,-3.54,-3.93,-2.4,-1.82,0.4,1.17,1.61,-2.42
196005,2.12,-0.23,2.15,-2.67,12.01,5.79,1.58,11.25,1.74,0.06
196006,4.52,0.21,0.76,2.64,1.67,-0.24,2.99,3.33,4.61,1.93
196007,-0.7,-2.37,-2.58,0.81,-6.28,-1.83,-1.6,-4.15,0.46,-1.68
196008,4.17,4.1,2.85,5.29,3.2,23.67,3.15,1.92,4.78,4.11
196009,-4.97,-5.34,-7.18,-1.52,-10.65,-6.61,-4.67,-8.55,-4,-5.73
196010,-0.51,-4.38,-3.22,3.31,-6.63,-5.06,-1.2,-4.32,-0.97,-2.12
196011,5.83,0.6,4.02,5.97,6.68,3.73,5.9,4.21,3.62,5.35
196012,3.61,1.65,4.26,5.56,3.33,5.74,2.29,6.04,5.54,2.64
196101,7.88,9.37,8.85,10.88,5.06,2.54,7.22,8.13,5.71,9.51
196102,6.4,5.96,6.65,3.06,7.7,7.31,7.18,6.55,4.24,5.56
196103,4.98,6.13,4.66,2.56,6.77,2.95,8.88,6.5,2.19,4.61
196104,-0.41,0.27,-0.09,2.42,1.97,4.33,2.53,-2.72,2.35,1.34
196105,4.9,6.75,5.22,3.52,3.66,0.17,1.23,1.57,2.45,4.99
196106,-2.95,-5.37,-4.99,-2.76,-5.47,-7.45,-2.33,-3.27,-2.6,-4.47
196107,0.75,2.54,1.62,-0.67,0.35,4.84,0.39,1.8,2.19,0.33
196108,3.19,0.98,1.1,0.35,-0.7,1.93,3.5,4.24,4.04,3.33
196109,-1.57,-1.92,-4.2,-4.53,-6.19,-4.09,-1.32,-2.54,1.51,-3.24
196110,3.37,0.41,0.13,6.93,-0.76,3.93,4.91,3.77,5.24,2.18
196111,6.35,5.97,3.27,6.09,6.88,-0.31,6.74,3.06,3.74,4.7
196112,-1.18,1.18,0.89,2.05,-0.46,2.57,-0.85,-2.61,-3.28,-1.57
196201,-2.39,3.19,0.04,0.38,-2.8,-1.13,-2.87,-3.49,-2.59,1
196202,1.19,2.47,1.5,5.02,-0.09,3.35,-0.04,2.1,2.08,1.64
196203,-0.75,1.03,-0.85,-2.26,-1.32,-3.25,-0.79,0.33,2.44,-1.66
196204,-7.23,-7.12,-7.48,-4.26,-9.63,-6.74,-6.83,-9.69,-2.1,-6.73
196205,-9.7,-9.23,-9.23,-8.15,-13.32,-9.41,-9.26,-12.47,-10.31,-9.51
196206,-7.84,-8.36,-9.02,-5.47,-11.39,-8.8,-9.01,-11.78,-5.02,-8.74
196207,5.97,8.03,5.61,5.2,9.84,6.76,5.56,5.77,6.82,7.2
196208,2.62,5.33,2.26,2.72,4.41,5.92,1.51,-3.78,3.14,4.43
196209,-6.22,-6.81,-6.18,-4.27,-9.71,-8.27,-6.55,-5.56,-2.17,-6.49
196210,-2.82,-2.87,-1.47,-2.29,-4.52,-0.56,-3.85,0.73,-1.55,-2.09
196211,11.5,13.34,14.74,12.94,17.26,13.92,11.24,19.63,7.41,17.33
196212,0.39,-0.18,-2.33,1.15,-2.93,-0.78,-2.46,-0.25,3.37,-0.66
196301,8.09,9.73,8.53,6.21,7.21,11.92,7.49,7,5.57,8.24
196302,-1.75,-1.22,-1.1,-1.82,-4.25,-2.09,-2.01,-2.11,-0.62,-0.43
196303,1.55,3.05,2.51,5.38,-0.89,4.24,0.74,1.27,1.66,2.8
196304,3.11,4.46,3.63,5.06,3.62,5.63,4.4,7.47,2.39,4.46
196305,3.05,4.73,3.76,2.29,4.12,0.88,0.2,-0.16,1.56,5.32
196306,-1.29,-0.77,-1.93,-0.18,-1.67,-2.87,-2.36,-1.79,-0.99,-1.59
196307,-0.81,-0.08,-1.37,3.39,-2.47,-1.8,0.02,0.6,0.66,-1.06
196308,3.6,4.18,4.13,7.32,2.91,7.57,3.5,7.28,3.86,4.39
196309,-0.77,-2.69,-1.22,0.46,0.37,-2.94,-1.04,-1.33,-1.93,-1.48
196310,2.37,2.54,0.88,-0.86,4.43,4.89,0.74,3.8,-0.79,0.95
196311,-2.01,-2.11,-0.98,0.87,-3,0.14,-3.21,-1.55,-0.99,-1.96
196312,-0.34,-2.19,-0.44,1.57,-3.52,-1.33,-2.06,-0.45,1.8,0.66
196401,3.25,4.35,3.95,4.59,2.3,2.46,2.69,3.66,1.34,2.92
196402,1.94,2.07,2.77,1.19,0.92,3.11,2.24,0.97,1.08,5.13
196403,1.23,1.17,4.83,0.59,2.04,3.78,2.42,-1.4,-0.42,3.47
196404,0.7,1.88,-0.89,4.37,-1.96,0.35,1.11,-1.47,0.85,-0.25
196405,0.53,-0.95,1.02,2.6,-1.81,4.52,0.39,0,1.58,0.97
196406,2.06,0.38,1.02,1.46,0.49,1.01,2.71,-0.27,1.45,-0.44
196407,2.72,3.35,3.18,4.16,1.62,1.17,3,4.83,4.33,2.41
196408,-0.2,-1.47,-0.43,0.63,-1.83,-0.89,0.07,-2.43,0.52,-1.36
196409,2.95,4.14,3.69,1.66,4.61,3.06,4.17,5.24,1.93,5.41
196410,1.63,2.39,1.85,1.95,0.83,3.15,2.57,2.29,0.84,2.57
196411,0.13,-0.56,-0.46,-0.37,-1.9,1.01,2.24,2.05,1.82,-0.76
196412,-1.03,-1.91,-1.79,-1.29,-0.72,0.16,-2.13,3.48,0.47,-1.66
196501,7.89,7.24,7.48,6.99,10.62,3.81,8.65,7.71,3.89,6.06
196502,4.25,2.76,3.77,1.08,2.98,6.33,3.14,2.05,1.25,3.94
196503,0.69,3.77,1.63,1.51,1.94,0.9,1.99,0.68,-0.71,1.04
196504,3.5,5.92,4.73,6,6.07,2.88,4.2,2.98,0.54,2.75
196505,0.05,1.99,-0.74,-2.29,-0.04,1.66,0.24,-1.48,-1.32,-1.62
196506,-7.51,-8.68,-8.7,-7.63,-10.71,-8.5,-9.42,-6.35,-4.05,-8.05
196507,2.21,2.72,3.46,2.26,5.21,2.76,1.46,4.36,1.24,3.07
196508,3.67,4.12,4.06,1.58,9.11,6.13,3.52,6.66,1.79,4.35
196509,0.08,6.77,3.4,1.91,5.8,3.62,2.33,3.21,0.87,1.84
196510,4.09,10.31,6.6,6.98,9.49,2.11,4.19,4.25,1.04,5.86
196511,1.94,7.26,5.07,3.57,14.42,5.08,2.77,4.46,-0.73,5.12
196512,3.84,2.56,4.9,4.06,2.65,7.75,3.81,4.91,-0.17,6.42
196601,6.29,9.85,7.03,8.83,7.04,-0.04,4.82,4.41,-2.09,7.58
196602,2.02,6.8,3.26,3.39,7.38,0.03,2.12,-0.27,-3.54,3.4
196603,-2.37,0.3,-1.04,0.2,-1.5,-3.34,-1.33,-1.56,-0.72,0.52
196604,1.61,5.84,5.49,4.3,11.6,3.05,4.13,4.7,0.22,4.3
196605,-7.79,-11.52,-9.23,-6.59,-14.21,-5.98,-7.48,-7.02,-2.69,-9.28
196606,-0.98,-1.18,-0.61,-0.72,2.46,-0.45,-0.64,1.95,-1.96,-0.89
196607,-1.65,-1.98,-1.62,-0.82,-2.22,-1.87,-1.97,-1.44,-0.19,-1.78
196608,-10.54,-10.37,-9.85,-10,-8.68,-9.91,-9.35,-9.49,-7.72,-11.87
196609,-1.8,-3.5,-2.4,0.59,-3.99,-1.92,-1.43,-1.84,3.47,-2.28
196610,-1.18,-4.23,-0.72,0.8,-9.07,5.34,-3.18,2.16,8.67,-2.55
196611,1.12,1.18,3.39,5.74,12.83,8.07,1.77,7.52,-1.85,7.29
196612,-1.08,0.5,2.78,1.64,4.39,7.12,0.73,1.94,1.76,0.68
196701,16.74,22.03,18.5,11.25,24.2,13.85,15.31,10.14,4.79,20.07
196702,4.98,5.35,4.17,3.08,5.24,5.88,6.43,2.86,-1.16,4.61
196703,4.86,3.57,7.13,6.68,7.67,7.94,3.95,8.58,1.39,6.66
196704,4.09,5.29,4.32,2.66,6.69,3.83,6.12,5.28,1.86,2.42
196705,-0.56,-2.02,-0.62,0.93,-2.29,-4.9,0.27,-4.43,-3.44,0.57
196706,6.74,9.65,9.2,8.91,14.74,5.9,9.26,6.25,-1.13,7.84
196707,8.85,10.66,7.98,11.38,5.38,2.13,8.26,5.17,2.78,11.48
196708,2.14,2.04,0.09,0.34,-2.7,-0.65,2.05,2.24,0.08,1.35
196709,7.34,8.27,5.04,8.99,9.92,3.07,9.7,6.41,0.07,4.97
196710,-1.07,-2.17,-3.57,0.52,-1.13,-8.53,0.49,-5.9,-4.46,-1.36
196711,-0.02,-1.85,-0.36,1.68,0.02,-0.48,0.53,1.5,1.92,0.15
196712,6.92,9.43,9,7.84,10.8,2.22,8.22,1.75,2.78,9.18
196801,3.45,1.61,0.65,2.33,-3.99,0.38,6.21,-5.26,2.29,6.09
196802,-4.48,-7.1,-6.42,-6.59,-9.3,-4.62,-3.93,-5.4,-0.96,-4.58
196803,0.11,-0.88,-1.9,1.84,-1.14,-0.96,0.64,-0.16,-3.35,-1.32
196804,16.14,16.69,14.26,12.44,17.47,12.01,15.66,11,2.96,14.48
196805,10.66,9.69,8.44,8.57,9.27,8.31,13.61,5.75,0.74,11.22
196806,2.54,-0.5,0.85,2.18,-2.51,3.48,1.31,1.01,8.56,2.42
196807,-2.2,-3.69,-3.55,0.43,-6.92,-5.86,-3.15,-3.75,0.48,-0.92
196808,4.03,3.63,3.9,3.19,1.92,5.89,5.17,2.11,-0.76,4.31
196809,6.85,9.98,6.18,7.27,6.25,8.21,8.04,1.59,0.46,9.67
196810,1.19,1.21,0.48,-0.1,-2.95,1.47,3.97,-0.47,1.4,0.77
196811,5.78,7,6.86,8.08,8.03,6.72,7.01,8.47,8.52,8.07
196812,0.45,0.23,0.77,4.88,-0.12,-4.43,0.66,-0.64,-3.02,0.64
196901,-0.62,-1.14,-0.62,0.83,-2.36,-2.44,-1.2,-0.49,2.28,0.91
196902,-8.88,-8.23,-8.67,-10.57,-10.46,-8.53,-8.43,-6.11,-4.37,-8.9
196903,0.29,3.67,2.39,6.69,0.91,0.59,2.39,3.64,-1.62,2.02
196904,-0.6,1.15,-1.06,0.29,1,3.34,1.01,3.92,0.97,2.09
196905,0.2,-0.1,-0.37,8.7,-0.85,3.31,1.43,2.46,-0.2,-0.52
196906,-10.86,-11.43,-11.5,-11.21,-12.85,-8.83,-11.8,-8.09,-5.82,-12.91
196907,-9.69,-9.67,-9.33,-10.24,-12.01,-10.85,-11,-4.04,-3.1,-10.45
196908,3.84,4.89,4.44,6.62,6.6,3.89,7.24,10.44,-1.06,7.16
196909,-2.78,-3.2,-2.35,-8.8,-2.35,-1.95,-1.24,1.84,-3.72,-1.36
196910,8.79,10.61,8.72,3.33,16.93,13.61,10.2,11.13,7.48,7.84
196911,-5.6,-7.24,-5.7,-5.23,-5.25,-1.48,-5.07,-1.41,-4.3,-6.97
196912,-6.82,-10,-6.02,-7.64,-7.95,-1.96,-7.06,0.61,-1.41,-8.97
197001,-2.68,-4.52,-3.15,-3.53,-5.55,-7.74,-4.48,-4.11,-2.95,-5.1
197002,3.55,-0.61,3.76,5.23,3.32,7.22,2.47,4.13,6.83,6.91
197003,-1.5,-0.96,-1.64,-4.67,-6.6,-3.94,-3.47,-4.91,3.22,-2.6
197004,-13.52,-18.55,-15.33,-18.39,-21.51,-14.99,-16.94,-17.07,-6.51,-18.19
197005,-9.07,-9.36,-9.32,-3.16,-10.57,-8.32,-10.88,-10.36,-5.46,-9.42
197006,-6.71,-9.23,-7.92,-5.97,-11.3,-4.27,-6.61,-5.75,-3.98,-8.24
197007,5.76,8.37,4.8,16.29,-0.32,8.7,6.73,4.16,7.18,6.04
197008,5.03,8.67,5.96,8.64,8.13,4.5,4.85,4.87,3.98,7.25
197009,13.24,13.7,12.04,11.48,21.7,10.54,13.75,12.19,0.77,13.46
197010,-3.61,-7.41,-6.81,-0.93,-13.46,-3.66,-5.05,-4.42,-0.58,-6.61
197011,0.19,-0.16,-0.57,2.27,-3.6,2.23,0.01,-0.25,8.79,0.22
197012,12.11,9,8.76,2.21,4.74,6.67,10.93,9.09,6.75,6.88
197101,13.85,13.99,13.54,8.72,18.91,10.31,15.02,8.44,4.81,16.15
197102,9.47,5.52,4.21,3.6,5.03,1.98,5.81,6.85,-1.98,3.96
197103,4.09,5.15,4.62,2.65,9.64,7.78,8.99,4.64,1.74,6.09
197104,0.79,5.09,3.48,3.08,3.35,3.06,1.74,4.08,-2.47,3.72
197105,-4.79,-5.48,-5.14,-5.74,-6.14,-3.55,-4.76,-0.49,-3.48,-5.79
197106,-3.14,-0.06,-2.65,-0.43,-3.54,-0.64,-1.26,-0.5,2.44,-1.66
197107,-5.56,-7.53,-5.55,-2.8,-9.61,-4.11,-5.52,-6.1,-0.93,-5.81
197108,3.32,8.18,5.37,0.63,5.48,1.93,2.59,4.7,-1.17,5.14
197109,0.91,0.91,-1.48,-1.61,-3.33,0.84,0.33,1.45,-1.52,-0.05
197110,-5.72,-5.91,-6.53,-8.38,-8,-5.45,-5.39,-4.85,1.8,-6.3
197111,-3.92,-2.89,-3.76,-1.9,-2.9,0.29,-3.56,-2.89,-1.06,-4
197112,12.12,12.95,11.5,11.63,15.79,13.86,13.08,12.11,7.22,11.27
197201,9.35,14.43,10.85,7.99,19.26,6.94,8.97,6.67,1.01,11.6
197202,3.65,4.93,4.68,6.22,5.72,7.65,6.09,7.85,-2.23,2.58
197203,-1.03,0.47,0.34,-3.54,0.12,0.36,-0.01,0.44,-0.03,0.3
197204,-0.71,3.73,1.44,-1.41,0.5,-1.64,-1.25,-0.61,-2.31,-0.16
197205,-2.41,-1.55,-1.93,-0.89,-1.83,1.55,-3,0.27,-0.52,-2.43
197206,-3.15,-2.82,-2.71,-2.79,-3.24,-4,-6.58,-1.18,-1.36,-3.9
197207,-3.46,-3.64,-1.86,-2.19,-2.95,0.05,-6.53,-1.96,0.36,-4.16
197208,-0.97,-0.36,1.57,9.33,0.31,3.52,-0.87,3.8,4.6,0.8
197209,-3.64,-4.21,-2.82,-2.96,-4.08,-2.6,-3.88,-3.67,0.2,-3.38
197210,-0.66,-1.79,-2.36,0.89,-2.34,0.53,-2.94,-4.44,5.82,-2.1
197211,5.89,4.01,5.29,7.6,2.58,5.35,7.27,-0.4,6.68,4.38
197212,-3.01,-1.54,-1.73,0.79,-2.38,-4.37,-2.92,-0.09,-0.87,-2.98
197301,-4.64,-7.94,-3.07,5.07,-3.37,-7.27,-5.99,-8.1,-2.95,-4.65
197302,-7.19,-9.09,-6.65,-9.99,-9.18,-9.38,-9.59,-7.34,-1.85,-7.13
197303,-3.47,-3.36,-1.65,-1.3,-3.67,-2.37,-5.79,-3.02,-1.4,-2.1
197304,-8.3,-8.62,-5.9,-4.57,-8.69,-6.86,-9.29,-10,-0.66,-8.55
197305,-8.6,-10.27,-7.69,-9.09,-10.37,-5.62,-9.99,-8.81,-0.69,-8.85
197306,-5.14,-4.37,-2.77,-1.57,-2.92,-1.53,-4.85,-4.27,-1.79,-2.85
197307,10.91,14.31,11.64,8.52,17.12,7.01,12.09,14.64,-1.24,9.82
197308,-5.27,-7.09,-3.46,-3.55,-6.04,-6.24,-4.86,-6.19,-1.99,-4.31
197309,6.19,7.31,8.02,16.64,12.03,3.68,6.13,8.52,6.25,5.9
197310,-1.46,-3.94,0.6,14.26,1.78,-5.02,-1.44,0.75,-2.3,-1.29
197311,-18.24,-23.62,-18.65,-6.43,-21.95,-18.21,-20.72,-15.78,-9.64,-16.3
197312,-5.88,-6.33,-3.96,6.37,-4.82,-3.81,-5.94,-5.26,2.11,-4.12
197401,15.13,15.99,14.95,4.24,14.89,14.19,14.21,9.53,5.85,12.68
197402,1.91,1.59,1.29,-2.1,-1.1,-1.91,0.7,-0.81,1.07,0.77
197403,0.83,2.67,2.29,-1.78,0.65,-1.38,2.77,-0.62,-2.61,0.4
197404,-4.79,-5.55,-3.33,-7.03,-5.7,-8.62,-4.96,-5.51,-9.23,-5.86
197405,-6.12,-6.43,-5.66,-11.3,-7.08,-6.25,-6.22,-5.97,-6.34,-7.9
197406,-2.06,-3.96,-1.16,-0.6,-4.45,-3.16,-3.5,-3.09,-4.21,-3.83
197407,-5.15,-7.17,-4.03,-4.33,-7.96,-6.2,-5.07,-7.36,-0.12,-5.81
197408,-7.91,-6.32,-6.98,-8.39,-8.74,-6.82,-8.36,-7.9,-6.82,-8.98
197409,-7.65,-9.16,-8.38,-5.25,-11.37,-8.06,-9.07,-11.78,-2.29,-7.04
197410,6.14,7.45,9.5,24.96,6.33,8.16,7.53,19.96,9.86,8.44
197411,-6.01,-7.26,-4.87,0.2,-6.38,-0.05,-5.81,-1.61,-0.47,-5.1
197412,-7.51,-9.5,-7.37,-3.73,-10.78,-3.64,-9.1,-8.27,-2.6,-7.73
197501,28.75,34.98,27.39,16.67,34.75,34.01,32.18,27.65,22.76,29.02
197502,4.69,3.39,5.47,5.34,8.21,9.37,5.62,11.84,0.96,5.86
197503,10.43,10.87,8.02,-0.3,12,7.54,13.32,5.19,-0.6,7.15
197504,3.77,3.33,5.21,6.69,6.69,6.88,3.02,3.8,0.06,1.66
197505,6.8,7.61,6.26,13.53,10.97,9.67,6.7,8.65,7.04,7.04
197506,8.32,8.59,7.79,8.76,8.8,7.26,7.61,5.43,9.53,6
197507,0.77,1.48,-1.04,-2.81,-2.05,-5.74,0.66,-2.52,-3.15,-0.68
197508,-4.4,-6.02,-4.39,-3.17,-6.47,-2.97,-3.76,-7.68,-1.66,-4.95
197509,-1.66,-4.15,-3.56,-4.06,-4.39,-4.41,-3.11,-5.04,-0.93,-4.38
197510,4.26,4.52,0.79,-0.61,0.13,3.59,3.51,1.88,5.05,0.62
197511,4.06,3.41,1.91,-1.58,1.39,3.53,4.15,2.66,3.21,0.77
197512,-0.71,-0.89,-0.87,-1.77,-2.54,0.47,-0.57,-0.75,0.67,0.52
197601,19.93,26.04,20.71,14.96,25.01,20.72,18.8,17.01,9.74,16.64
197602,13.7,15.26,11.83,3.4,14.71,8.02,14.07,7.48,-0.85,10.8
197603,0.48,2.53,1.9,2.05,3.61,-2.69,2.54,1.9,0.1,2.76
197604,-0.85,-1.17,-0.7,2.38,-1.28,0.14,-1.65,-3.51,1.53,-0.16
197605,-4.16,-4.27,-0.77,7.19,-3.17,-3.55,-3.74,-1.81,-1.14,-1.82
197606,1.2,2.63,3.97,3.49,5.86,5.4,0.56,2.57,3.1,2.72
197607,-0.12,-0.12,0.46,0.62,-1.52,0.1,-1.35,0.8,2.95,0.76
197608,-2.77,-2.62,-1.5,-3.02,-3.33,3.82,-1.58,-1.52,2.88,-1.23
197609,-0.26,1.5,1.65,6.84,1.15,2.62,0.65,2.06,4.02,1.46
197610,-2.37,-2.93,-2.54,-0.29,-4.15,-0.49,-3.11,-1.1,-0.2,-1.42
197611,2.21,3.74,1.97,3.77,2.86,4.73,2.75,1.06,2.98,2.63
197612,8.81,10.51,9.27,11.35,12.96,7.34,9.77,9.24,7.04,10.34
197701,2.97,0.88,3.54,11.82,5.39,4.79,1.83,3.71,2.46,3.6
197702,-0.03,-0.36,0.9,-1.67,0.6,1.6,-0.44,-0.5,-2.73,0.9
197703,0.33,-1.12,1.23,-0.45,1.84,2.25,0.09,0.65,0.32,1.67
197704,1.49,0.46,2.35,3.42,1.53,-0.06,0.22,-1.12,1.67,2.37
197705,-0.49,-0.5,-0.63,1.82,0.52,-1.23,0.67,0.04,1.39,0.89
197706,4.63,3.29,5.13,8.69,6.05,7.07,4.77,7.14,5.53,5.38
197707,1.19,0.56,-0.4,-0.8,0.83,3.74,1.33,0.86,1.78,2.27
197708,-0.59,-0.96,-0.74,-3,0.49,0.05,0.54,-0.43,-1.81,0.08
197709,1.1,1.28,-0.18,2.48,0.8,1.39,2.79,4.78,1.51,1.7
197710,-1.36,-3.14,-2.77,-5.1,-2.57,-2.42,-1.81,-0.35,-2.26,-2.16
197711,7.11,7.65,7.24,8.61,9.25,8.01,6,8.17,3.53,7.07
197712,1.31,0.79,1.63,3.74,3.08,6.14,2,3.92,0.11,2.37
197801,-0.18,-3.48,-1.74,-3.66,-2.21,-1.67,-1.24,-1.42,-3.21,-0.29
197802,2.17,2.46,2.6,1.25,2.51,2.31,4.45,1.86,0.42,2.55
197803,6.65,6.72,6.67,2.6,9.66,8.36,7.32,8.91,1.64,6.85
197804,7.01,8.48,9.18,5.74,11.84,9,8.12,10.94,0.31,7.78
197805,6.95,8.64,7.54,3.58,12.3,5.59,7.32,8.29,0.17,6.17
197806,0.94,0.13,0.42,-0.29,0.62,-0.49,0.05,0.73,1.02,1.88
197807,2.83,3.57,6.21,4.13,7.61,4.68,3.27,8.94,3.03,5.6
197808,7.66,13.07,8.72,3.58,17.75,8.3,10.65,9.74,1.63,8.98
197809,2.64,0.16,-0.78,2.52,0.91,-0.71,-0.06,-0.25,0.13,0.64
197810,-18.21,-20.45,-18.62,-20.65,-24.93,-13.63,-19.2,-22.79,-7.28,-16.35
197811,5.82,3.65,4.55,8.87,8.11,6.96,2.72,7.87,2.26,2.66
197812,-0.2,-0.83,1.34,2.03,3.99,4.24,0.37,3.32,-0.67,1.72
197901,8.74,11.1,10.86,7.43,12.03,9.16,9.34,8.97,6.07,8.36
197902,-2.11,-2.95,-2.48,2.63,-3.61,-1.1,-3.09,-4.45,-0.85,-1.13
197903,5.84,6.14,9.02,18.13,11.38,8.92,7.39,7.3,2.55,7.52
197904,2.51,1.86,2.92,4.77,2.82,4.67,2.22,1.1,-0.84,3.18
197905,-0.26,-1.17,-1.26,0.17,-1.45,-1.19,-2.44,-1.31,0.57,0.54
197906,1.9,3.55,5.05,19.95,5.03,6.65,2.84,4.46,5.53,6.01
197907,0.25,1.92,2.93,0.68,1.82,1.46,2.16,2.89,3.83,2.69
197908,7.28,5.21,8.27,12.02,9.77,6.54,7.76,7.62,2.5,6.76
197909,-1.54,-1.66,-1.01,6.71,-0.55,1.59,0.1,1.32,-1.52,-0.29
197910,-9.64,-10.1,-10.37,-7.11,-9.26,-8.34,-9.37,-9.27,-6.66,-10.16
197911,4.69,1.2,5.58,17.42,11.1,9.24,3.98,9.77,6.87,5.97
197912,4.23,2.79,7.62,16.05,9.94,8.39,5.35,7.15,-0.75,6.2
198001,7.82,11.28,11.88,19.63,14.76,3.79,5.59,8.25,1.21,9.75
198002,-1.22,-1.75,-2.49,8.57,-0.43,-3.11,-1.27,-3.28,-4.05,-0.68
198003,-14.33,-17.45,-16.6,-24.85,-19.62,-11.34,-15.03,-13.64,-6.72,-15.94
198004,4.21,1.39,3.36,7.29,5.6,6.56,3.62,6.22,12.9,5.86
198005,6.85,8.56,6.2,5.95,6.75,8.77,8.57,10.93,4.96,7.77
198006,3.87,2.85,3.56,6.59,3.2,2.74,4.17,1.94,4.92,5.14
198007,7.7,8.25,10.13,6.55,17.59,5.89,8.75,13.17,0.67,8.54
198008,5.84,7.47,6.26,8.97,13.07,9.11,6.08,8.7,-1.33,5.63
198009,3.33,6.56,4.78,11.91,6.85,2.09,3.05,6.6,0.12,4.67
198010,1.79,0.94,3.03,11.32,7.65,3.05,2.24,6.41,1.15,4.78
198011,1.11,3.44,6.15,26.09,10.78,6.08,3.12,7.72,2.41,6.17
198012,-3.13,-3.99,-3.9,-7.31,-3.71,-2.35,-2.55,-2.17,0.23,-2.58
198101,3.88,2.04,0.36,-6.27,-3.29,5.07,2.87,2.9,0.37,1.16
198102,1.48,2.81,1.23,-2.76,-2.45,1.42,1.34,-1.81,-0.27,1.34
198103,7.11,7.23,8.91,0.22,8.27,8.25,8.55,11.85,2.75,7.27
198104,4.14,5.15,2.62,-7.45,6.24,3.24,5.25,7.14,-1.66,3.03
198105,3.07,3.09,2.32,1.93,7.73,6.61,2.27,3.72,2.05,1.73
198106,1.87,0.79,-0.62,-7.21,-5.59,-1.84,1.75,-2.14,3.3,0.18
198107,-1.44,-1.47,-2.49,4.69,-5.7,-1.54,-3.07,-4.24,1.33,-2.12
198108,-5.84,-8.75,-8.07,-8.39,-12.26,-8.86,-6.3,-11.01,-0.39,-6.45
198109,-5.79,-8.55,-9.03,-17.44,-10.07,-5.5,-6.07,-7.72,-4.2,-8.59
198110,5.87,6.88,5.65,8.89,10.61,8.81,5.85,9.42,4.73,6.99
198111,2.36,1.97,1.88,-1.47,1.86,7.08,-0.08,1.41,7.15,2.41
198112,-0.57,-2.1,-1.23,-6.24,-1.84,-1.15,-0.97,-1.68,-2.5,-2.2
198201,-0.05,0.27,-1.58,-7.44,-0.78,-3.53,-0.87,-0.77,0.6,-2.13
198202,-1.88,-2.79,-4.09,-15.74,-5.91,-3.77,-2.42,-3.09,0.27,-4.16
198203,0.73,0.52,-2.22,-4.96,-1.29,0.15,1.61,-0.23,1.71,-1.26
198204,5.82,5.86,3.58,1.44,8.34,8.05,6.6,9.71,4.06,5.43
198205,-1.22,-3.09,-3.25,-1.86,-3.47,-3.84,-1.23,-3.71,-0.1,-2.42
198206,-0.5,-0.44,-3.16,-10.49,-4.99,-2.87,-0.76,-2.9,-1.5,-3.21
198207,-0.02,0.77,-1.08,-10.79,-1.32,-0.86,1.36,0.47,-2.03,-1.38
198208,4.01,3.39,7.13,4.79,5.99,6.8,5.53,6.13,9.56,6.97
198209,6.83,1.59,1.96,-5.93,5,4.02,4.69,5.5,1.96,4.14
198210,11.33,15.5,11.64,8.32,18.51,12.75,13.42,15.5,6.19,13.48
198211,9.73,11.97,9.6,-5.81,14.36,14.2,10.98,14.87,1.87,10.53
198212,1.99,1.12,3.01,-1.46,4.23,-0.58,2.72,4.06,2.75,1.85
198301,6.93,12.08,9.78,16.51,15.97,17.61,8.31,12.43,4.01,10.57
198302,7.51,8.46,6.4,-6.05,9.08,2.41,8.53,8.44,2.41,4.95
198303,7.06,4.95,3.99,2.74,2.53,3.94,8.9,6.07,0.73,6.45
198304,7.73,9.38,6.34,8.4,6.9,4.48,9.79,8.62,4.38,9.19
198305,6.17,9.15,8.4,16.73,12.07,8.38,8.84,8.13,3.97,8.53
198306,5.71,7.28,4.28,4.76,6.28,3.13,7.33,5.7,-0.14,4.07
198307,-0.61,-2.66,-1.31,1.47,-6.16,-5.56,-1.49,-6.93,1.83,-1.39
198308,-2.51,-6.8,-3.06,-1.84,-5.39,-5.57,-4.53,-4.25,2.02,0.39
198309,1.97,0.48,1.1,-3.36,-1.41,-1.35,1.4,-2.67,3.88,0.52
198310,-3.75,-5.13,-5.16,-6.7,-11.02,-7.95,-4.93,-10.68,1.95,-4.68
198311,4,5.94,4.87,-4.04,5.07,3.11,3.21,0.48,0.54,2.66
198312,-1.25,-1.36,-0.3,-3.93,-4.23,-1.32,-3.12,-5.86,-2.4,-1.53
198401,1,-1.39,0.61,6.36,-2.39,0.09,-2.65,-1.77,2.31,0.74
198402,-4.63,-6.11,-6.43,-2.14,-9.49,-7.78,-5.99,-5.67,-1.92,-4.65
198403,1.61,1.66,2.07,1.51,-0.37,-2.15,0.58,0.23,-0.02,0.31
198404,-0.92,-1.92,-0.5,-2.12,-2.87,-1.56,-2.45,-1.04,-1.02,-2.72
198405,-3.03,-6.25,-5.33,-4.18,-6.44,-4.16,-3.8,-7.71,0.98,-5.4
198406,2.04,3.12,1.93,-3.79,2.65,3.11,3.44,2.57,0.96,0.93
198407,-3.61,-5.11,-3.65,-10.16,-7.88,-3.35,-2.94,-5.18,-0.45,-3.83
198408,6.84,9.44,10.27,5.91,11.85,7.04,9.66,12.79,6.93,7.28
198409,0.82,-0.54,-0.26,-0.88,-3.24,-0.66,-0.13,-2.79,4.18,1.57
198410,-0.66,-2.73,-1.68,-9.9,-4.27,-2.38,-2.91,-2.03,3.29,-0.57
198411,-1.26,-2.77,-3.01,-5.45,-5.64,-2.78,-3.88,-5.03,2.87,-2.47
198412,1.58,2.49,0.64,-1.51,0.07,5.75,-0.56,-0.01,2.12,1.1
198501,8.47,13.83,12.49,3.97,18.05,15,12.02,17.55,4.37,12.11
198502,4.1,2.39,3.47,6.85,5.88,7.72,5.11,7.66,1.27,4.42
198503,0.04,-3.41,-2.56,-0.24,-4.52,4.67,-1.1,-2.09,5.49,0.65
198504,-1.38,-2.63,-2.11,-1.73,-4.43,-1.46,-1.25,-0.02,2.31,0.3
198505,4.11,-0.07,2.49,-2.74,0.68,4.35,3.3,3.3,5.28,3.13
198506,1.93,0.26,-0.62,-4.46,1.28,2.63,0.78,2.06,3.74,2.22
198507,1.29,1,3.65,-0.59,2.87,2.76,0.96,0.91,-2.75,2.3
198508,2.02,-1.35,-1.38,-1.07,-1.91,-0.03,-1.86,-1.55,1.88,0.96
198509,-3.52,-4.41,-5,-6.71,-8.26,-7.95,-5.13,-7.13,-3.62,-5.31
198510,3.51,2.21,1.67,-1.09,0.78,0.77,0.58,2.41,4.75,2.79
198511,5.77,5.32,5.31,3.07,5.51,5.22,6.14,5.54,4.38,5.84
198512,4.51,2.71,4.27,-8.78,3.9,0.13,3.67,3.79,4.07,3.62
198601,3.72,4.12,2.7,-0.41,4.27,2.24,3.86,4.94,3.96,6.36
198602,6.97,10.23,7.37,-7.35,5.69,4.98,7.14,3.81,6.13,8.32
198603,6.83,7.06,5.9,-1.49,2.91,6.92,5.76,10.02,4.1,4.7
198604,1.63,2.59,0.5,-1.32,2.78,2.38,2.23,0.79,-0.52,1.7
198605,5.03,1.75,2.94,4.99,3.01,4.06,6.02,4.57,3.4,3.45
198606,3.15,-0.34,0.07,-0.13,-2.46,0.62,3.09,2.41,4.92,1.44
198607,-5.57,-9.39,-8.21,-9.9,-10.23,-4.23,-9.26,-8.67,3.2,-6.31
198608,2.2,-0.78,1.4,8.58,1.21,-1.39,-0.39,0.21,6.69,2.12
198609,-6.26,-6.13,-4.41,-3.81,-7.76,-7.07,-7.22,-9.25,-7.12,-6.11
198610,3.67,3.67,2.14,-0.76,2.92,5.21,3.5,3.57,5.04,1.78
198611,0.69,0.86,-0.53,-2.93,0.35,-1.69,-0.18,-1.47,0.3,-1.85
198612,-3.37,-2.95,-2.88,-2.95,-4.37,-3.59,-4.98,-5.25,-2.93,-3.43
198701,9.55,10.99,12.76,20.09,14.27,13.01,8.12,12.15,7.97,10.87
198702,7.12,6.37,8.12,5.54,10.58,5.32,7.45,14.77,-0.09,5.81
198703,3.96,2.25,4.12,13.8,0.8,6.54,1.82,3.09,-0.15,2.75
198704,-3.25,-1.02,-1.85,3.34,-0.53,-2.59,-2.99,-2.51,-4.42,-2.68
198705,-0.74,1.87,1.47,7.66,0.44,1.78,-1.3,-1.22,-0.95,-0.83
198706,4.25,2.86,3.66,3.09,0.12,6.14,3.34,2.01,2.59,2.22
198707,2.79,2.88,4.81,16.35,1.46,5.83,3.91,-0.44,-0.45,2.45
198708,2.52,2.78,1.89,-4.4,1.87,1.32,1.79,-0.09,2.3,2.18
198709,-1.12,-0.72,-0.11,-4.32,-0.82,-1.76,-3.05,-2.1,-2.31,-1.84
198710,-28.01,-31.56,-29.91,-25.9,-31.62,-25.29,-29.61,-32.67,-10.45,-24.84
198711,-6.35,-5.66,-4.17,-7.05,-7.61,-7.01,-7.22,-6.36,-1.58,-4.18
198712,4.3,6.6,5.13,-2.62,5.08,18,1.58,1.44,1.13,1.44
198801,5.63,6.71,7.84,7.51,7.32,5.22,8.15,12.55,8.16,8.31
198802,8.39,8.69,7.83,3.29,6.79,9.92,9.18,7.47,2.22,4.84
198803,3.96,5,5.07,5.79,3.69,2.61,4.48,6.1,-0.74,2.18
198804,2.4,1.82,2.38,3.1,1.74,2.66,1.79,1.54,0.33,0.05
198805,-1.04,-1.24,-1.29,-0.95,-3.39,-3.69,-1.05,-2.26,1.89,-1.71
198806,3.67,6.29,6.24,0.03,6.3,8.89,5.32,5.05,3.66,4.53
198807,-0.19,0.41,-0.32,1.08,-1.5,2.1,0.59,-0.14,-0.04,0.46
198808,-2.2,-2.51,-3.16,-1.79,-3.45,-3.83,-1.75,-1.92,-0.17,-1.72
198809,2.84,2.67,2.87,-4.45,1.9,3.97,4.15,2.12,2.5,1.36
198810,0.56,-1.63,-1.3,-3.02,-2.93,-0.63,-1.07,-3.92,1.82,-0.83
198811,-4.47,-5.79,-3.65,-3.47,-5.28,-1.81,-3.95,-6.8,-0.2,-3.55
198812,3.24,1.11,3.46,1.69,3.75,4.96,1.54,2.92,1.24,0.7
198901,5.24,7.09,6.2,8.77,7.33,10.83,5.38,6.45,3.03,6.18
198902,0.95,0.75,0.96,-0.22,-1.29,1.14,0.43,-1.16,-0.89,1.2
198903,4.36,1.15,1.97,5.7,0.91,4.09,2.05,2.14,0.1,0.81
198904,4.65,1.29,3.87,3.14,3.14,8.96,4.15,4.45,2.91,2.24
198905,3.36,2.52,2.53,1.5,2.68,6.63,3.63,4.53,4.72,2.2
198906,-0.33,-2.72,-1.65,-2.44,-2.11,-0.13,-2.39,-5.03,2.43,0.08
198907,5.44,6.45,2.8,4.55,0.55,4.42,2.13,4.68,4.73,3.01
198908,0.58,1,2.58,3.65,1.58,3.56,1.91,1.89,0.4,2.32
198909,-1.15,-0.11,0.12,1.92,0.39,1.04,-0.8,2.74,0.29,0.26
198910,-6.47,-7.27,-5.96,-3.21,-4.05,-6.67,-6.79,-4.72,-0.14,-5.27
198911,-0.29,-3.19,-1.28,3.11,-2.62,-0.12,-2.11,0.55,2.97,-1.28
198912,-1.7,-1.1,-0.99,6.38,-1.46,0.84,-0.62,-1.93,4.39,-3.84
199001,-5.98,-6.12,-5.03,-0.73,-5.07,-10.32,-5.32,-5.58,-4.93,-5.14
199002,1.22,0.14,2.89,4.78,3.55,0.84,2.58,1.69,1.13,0.81
199003,2.58,2.64,4.45,4.75,4.25,1.34,4.36,4.57,-0.15,-0.07
199004,-1.73,-2.82,-1.63,-4.57,-1.97,-2.77,-2.7,-0.88,-4.66,-3.42
199005,3.27,2.08,5.22,4.05,7.59,9.23,5.49,8.13,3.79,2.01
199006,0.51,0.6,-0.41,0.69,1.18,0.29,0.68,5.14,0.32,-0.7
199007,-4.27,-5.2,-2.06,4.06,-5.15,-7.04,-4.22,-0.6,0.37,-3.57
199008,-11.61,-16.34,-12.29,3.34,-14.38,-15.71,-13.67,-10.46,-5.08,-11.35
199009,-8.61,-10.97,-7.69,0.96,-9.63,-7.52,-10.53,-8.24,0.72,-8.83
199010,-5.32,-7.35,-6.3,-10.71,-4.55,-7.78,-7.34,-3.89,2.39,-7.3
199011,3.18,3.07,3.62,-1.67,4.12,6.41,4.88,6.71,3.58,3.61
199012,1.28,-2.43,0.46,-6.99,-0.59,3.85,-0.57,3.48,0.75,-0.73
199101,8.91,7.74,8.78,-1,15.91,5.21,10.49,13.39,-0.48,7.22
199102,10.4,13.98,11.77,10.27,14,12.79,13.31,21.21,5.5,15.26
199103,5.92,9.64,5.96,1.72,11.72,6.85,10.25,15.9,1.93,7.17
199104,2.14,1.42,2.02,2.28,5.2,10.8,2.74,4.16,0.3,3.12
199105,2.34,6.13,3.98,0.32,1.76,-4.54,4.92,6.14,2.03,2.75
199106,-2.69,-2.74,-3.41,-4.85,-5.82,-5.29,-1.86,-4.24,-2.86,-2.89
199107,2.38,0.09,3.02,9.06,3.84,1.47,2.9,7.81,3.01,2.91
199108,3.88,1.28,2.07,2.57,4.31,1.41,3.14,6.28,3.51,2.54
199109,-0.8,4,-0.49,0.26,1.65,4.29,0.58,7.5,2.78,-0.75
199110,1.92,2.41,2.85,0.77,3.07,6.79,0.29,10.61,1.02,1.29
199111,-1.5,-2.2,-2.02,-4.25,-3.7,-5.09,-4,-0.38,1.39,-2.29
199112,4.2,2.01,4.03,-6.57,3.89,2.55,3.72,10.78,3.47,3.63
199201,12.13,17.3,13.37,6.67,21.18,5.96,13.17,24.78,-1.76,18.71
199202,6.12,11,5.45,2.66,8.38,1.33,6.48,-0.96,0,6.98
199203,-0.82,-0.62,0.76,-3.98,-1.94,-1.62,0.6,-7.12,-0.6,-0.21
199204,-3.31,-3.25,-2.69,-0.19,-5.43,-1.96,-5.34,-11.48,0.99,-1.12
199205,-0.97,-1.37,0.44,3.77,-1.33,-1.42,-1.44,-1.3,2.9,2.26
199206,-5.21,-2.35,-4.32,-5.27,-7.46,-0.87,-4.44,-6.1,0.25,-2.15
199207,1.72,0.44,0.88,4.68,1.38,2.49,2.85,3.63,6.84,3.76
199208,-2.56,-3.49,-4.4,2.48,-4.39,-3.75,-1.35,-3.84,1.39,-2.29
199209,1.03,-0.77,1.03,6.36,1.87,1.96,2.29,-1.53,0.85,1.46
199210,0.76,3,1.17,0.03,3.87,3.06,4.59,3.84,-0.3,1.28
199211,7.59,8.38,7.33,-0.73,10.81,7.95,9.22,12.28,0.59,5.62
199212,1.42,6.83,3.26,0.74,5,4.19,3.59,0.93,2.55,5.17
199301,5.19,10.41,6.65,7.36,7.17,6.92,5.89,3.24,2.51,9.19
199302,-1.23,-1.63,0.71,7.15,-2.78,2.5,-3.64,-12.75,5.13,0.68
199303,3.21,4.56,2.1,8.95,0.87,7.05,3.1,0.14,3,3.78
199304,-2.02,-1.91,-1.65,4.01,-3.57,-1.71,-3.07,-4.01,0.81,-0.76
199305,3.86,5.59,3.82,5.5,6.69,7.94,4.92,6.35,1.17,1.79
199306,-0.5,0.71,1.47,0.56,2.03,12.14,0.62,-0.01,2.81,1.37
199307,-0.24,2.07,1.28,-0.03,0.49,7.81,0.51,-2.5,1.8,3.06
199308,2.3,2.21,5.17,3.86,5.9,13.54,3.07,1.91,3.55,3.59
199309,1.68,2.62,0.76,1.57,3.33,7.88,3.04,4.46,0.16,3.37
199310,4.63,3.89,3.5,1.08,5.08,12.07,4.07,6.79,-1.3,3.4
199311,-0.72,0.07,-0.84,-9.4,-1.15,-9.27,-1.09,-4.37,-5.44,-2.79
199312,0.07,4.23,3.2,-2.85,1.28,-0.47,0.44,-0.8,0.74,1.47
199401,1.48,4.84,6.45,6.64,6.06,3.28,2.45,6.39,0.14,5.28
199402,-0.27,-1.37,1.12,1,0.57,-2.5,-0.04,-2.92,-3.27,-1.51
199403,-3.15,-5.12,-4.14,-4.08,-4.71,-6.07,-3.94,-6.99,-3.31,-3.58
199404,-0.66,-1.6,-0.31,1.55,-2.12,-2.65,-2.37,-4.51,1.78,-0.67
199405,-1.16,-1.49,0.57,1.29,-1.09,0.05,-2.54,-0.17,-3.68,1.29
199406,-2.47,-3.6,-2.36,2.04,-5.45,-2.04,-4.42,-5.28,-2.05,-0.91
199407,1.05,1.1,3.06,0.66,2.28,4.04,0.65,-0.52,2.85,0.98
199408,5.06,3.39,3.94,-0.15,6.13,4,4.14,6.94,0.94,2.45
199409,0.3,-0.45,0.47,3.36,3.06,2.74,0.28,1.11,-2.14,-0.13
199410,-0.46,-0.18,0.22,1.5,4.97,-2.11,0.09,-1.57,0.03,-1.78
199411,-4.07,-4.61,-4.88,-8.35,-2.4,-5.91,-4.62,-2.53,-1.61,-5.3
199412,-2.13,-2.43,0.27,-3.04,1.32,-1.99,-4.86,-4.27,0.72,-0.54
199501,1.68,-1.17,1.26,-0.87,3.87,3.5,2.15,7.38,4.01,4.09
199502,3.1,2.62,3.08,3.01,4.7,3.55,1.81,2.66,2.59,3.17
199503,-0.03,-1.26,1.46,4.22,4,2.46,0.95,3.17,-0.93,1.52
199504,1.36,0.68,2.78,1.85,4.46,1.23,1.07,2.17,1.47,2.26
199505,-0.38,0.15,2.16,2.61,2.9,-0.55,-0.3,3.86,3.58,2.13
199506,2.36,1.47,4.25,-0.72,11.35,6.15,4.65,9.84,0.55,4.32
199507,4.53,5.7,5.54,2.82,9.98,7.39,4.52,9.84,-0.48,5.03
199508,2.95,-0.95,1.01,3.17,4.23,5.31,1.68,8.11,2.14,4.47
199509,2.57,3.79,1.09,0.33,4.54,1.48,0.87,5.74,4.54,2.67
199510,-5.2,-5.53,-5.87,-5.05,-5.61,-5.73,-7.07,-6.48,1.14,-1.9
199511,-0.09,0.66,1.07,2.15,2.62,1.08,0.88,1.15,2.52,1.92
199512,-0.37,-1.78,-0.17,4.39,-1.23,0.98,-2.61,7.21,3.72,1.31
199601,1.35,2.82,2.93,3.3,0.28,0.29,1.35,9.49,1.7,3.33
199602,3.13,2.85,2.87,2.99,6.86,7.75,4,5.29,-0.29,2.31
199603,2.77,4.36,2.21,6.66,0.5,3.61,6.33,3.3,0.64,2.52
199604,3.52,6.29,6.2,11.03,13.07,5.27,6.18,7.47,-0.56,2.73
199605,6.78,10,5.59,6.83,11.53,6.16,8.96,7.46,1.22,4.67
199606,-2.79,-2.58,-3.3,0.95,-8.35,-2.39,-3.17,-6.49,2.84,-0.79
199607,-8.85,-6.25,-7.96,-4.29,-14.02,-11.09,-8.94,-14.55,-3.2,-5.35
199608,4.2,4.32,3.61,4.64,4.72,6.03,4.55,5.37,4.11,4.49
199609,1.71,2.37,2.87,5.16,4.59,2.1,1.2,3.94,1.21,2.93
199610,-2.22,-0.46,-1.29,8.05,-5.27,-7.81,-4.28,-7.23,2.01,-0.43
199611,1.65,1.29,3.95,6.52,2.64,-2.21,1.94,0.87,2.74,2.48
199612,-2.49,0.09,1.09,-0.38,-2.29,-5.02,-2.37,1,0.91,0.15
199701,6.45,4.06,7.21,7.97,8.95,6.27,3.96,9.43,1.34,5.66
199702,1.02,-0.18,-1.64,-9,-6.54,-4.18,-1.08,-1.37,-0.71,1.68
199703,-4.11,-3.27,-3.52,1.31,-9.29,-8.19,-4.29,-9.82,-2.65,-3.33
199704,-2.74,-2.31,-0.52,-3.57,-3.57,-2.09,-2.91,-6.7,-0.81,-0.46
199705,6.51,7.1,10.22,8.97,14.69,12.38,7.35,10.27,3.83,6.29
199706,3.28,4.89,4.69,3.35,2.4,8.97,4.46,2.72,3.04,5.57
199707,3.41,2.08,6.76,4.54,7.04,5.45,3.41,1.2,2.67,6.04
199708,1.46,2.85,3.7,7.41,7.31,4.48,2.72,2.8,0.34,1.58
199709,7.52,6.96,6.78,12.56,9.27,9.64,8.19,11.4,4.55,8.66
199710,-3.9,-1.04,-3.33,0.8,-5.59,-0.14,-1.7,-2.21,1.19,-0.01
199711,-1.1,-1.77,-1.89,-9.28,-4.82,-1.25,-1.21,-4.89,5.54,-0.15
199712,-4.03,-4.49,-4.45,-5.14,-8,-1.23,-5.59,-6.84,8.57,2.17
199801,-0.36,2,1.54,-6.19,3.29,4.76,1.49,2.27,-4.04,1.05
199802,7.77,8.11,6.56,2.71,7.88,9.31,6.48,4.81,2.04,5.67
199803,2.8,6.16,3.82,3.33,4.62,7.24,6.41,3.73,4.87,5.59
199804,2.34,4.19,1.91,1.38,4.59,1.79,3.67,-0.42,-1.64,3.13
199805,-2.82,-1.46,-4.46,-7.29,-8.11,-6.02,-2.91,-4.11,-1.26,-3.56
199806,-3.04,-2.97,-5.02,-6.63,-2.85,1.99,-1.17,-6.35,2.71,-1.57
199807,-5.14,-7.07,-7.07,-14.44,-7.69,1.45,-5.05,-5.44,-4.48,-4.05
199808,-16.9,-19.12,-18.74,-22.96,-23.76,-24.19,-21.31,-24.64,-1.26,-18.7
199809,-0.46,3.73,0.23,13.17,5.89,4.85,0.09,7.56,8.34,3.67
199810,2.14,4.6,4.92,1.08,6.81,4.22,4.67,4.99,0.75,1.11
199811,6.37,7.29,4.88,-11.8,17.28,10.67,15.02,7.2,1.76,4.49
199812,5.3,2.24,-0.91,-10.12,5.48,6.51,4.52,2.04,2.56,1.66
199901,3.53,4.36,4.83,-0.84,15.36,18.42,6.21,8.89,-5.52,4.58
199902,-2.69,-4.18,-5.21,-10.36,-7.1,-6.32,-4.84,-7.25,-3.7,-2.51
199903,-5.37,-3.72,-3.71,21.09,-0.48,7.16,-1.95,-1.89,-0.99,-1.99
199904,6.2,12.55,13.11,14.76,9.02,21.31,7.93,3.21,5.99,7.29
199905,4.04,6.61,2.77,0.03,6.96,2.71,2.45,5.88,6.92,1.5
199906,1.69,4.22,3.95,3.62,7.37,7.09,3.11,3.66,0.95,2.27
199907,-1.46,-0.17,0.53,4.28,1.83,2.21,-1.09,3.94,2.22,0.03
199908,-6,-6.53,-4.14,2.17,-0.87,-2.26,-7.47,-1.63,0.72,-4.3
199909,-2.95,-5.65,-3.75,-0.1,1.94,1.08,-2.78,-1.36,-2.53,-2.94
199910,-0.95,-3.16,-3.41,-6.75,4.49,8.86,-3.2,-2.7,2.02,-0.03
199911,-0.2,3.88,2.92,-1.32,28.93,14.4,6.92,13.2,-2.49,2.85
199912,0.33,3.02,4.48,0.65,25.3,20.49,2.2,15.79,-1.76,1.62
200001,1.69,3.91,3.28,7.49,12.27,4.21,0.76,24.01,2.38,-0.74
200002,3.61,6.65,5.23,4.59,34.45,21.89,2.04,42.94,-4.37,1.16
200003,4.65,6.47,3.9,16.86,-3.46,-2.76,3.54,-9.02,6,1.8
200004,-4.39,-6.58,-2.78,-3.8,-20.29,-17.52,-5.49,-13.71,5.55,-3.94
200005,-1.65,-8.06,-4.42,16.03,-14.3,-13.75,-5.92,-7.33,2.3,-2.35
200006,2.4,2.54,3.42,3.54,17.27,10.41,1.95,19.08,-3.02,2.49
200007,0.56,-1.36,-0.73,-6.34,-8.23,-9.72,-2.69,-2.43,5.25,1.84
200008,2.4,5.69,4.05,16.16,10.04,-0.27,2.72,12.78,6.92,4.14
200009,-0.52,-6.34,-5.35,4.55,-10.82,-16.08,-5.58,-0.09,6.83,-0.98
200010,-4.42,-5.02,-3.04,-7.29,-13.14,-11.75,-5.73,-8.15,-1.06,-3.67
200011,-6.94,-12.24,-8.44,-4.94,-26.63,-27.39,-10.16,-13.71,3.81,-5.7
200012,-0.8,-1.91,1.53,24.93,-9.57,-5.51,-3.79,-3.64,8.24,2.76
200101,18.58,20.79,16.5,0.46,46.59,53.13,27.78,22.04,-7.14,15.58
200102,-0.76,-1.98,-2.93,1.24,-21.72,-20.08,-2.87,-9.19,2.94,-2
200103,-2.88,-5.8,-4.95,0.51,-16.39,-16.26,-4,-9.36,2.39,-2.62
200104,3.74,8.79,5.9,7.77,14.22,3.07,5.73,12.55,3.92,4.17
200105,7.05,8.2,6.09,4.63,4.3,0.38,8.52,13.55,1.14,7.07
200106,0.42,2.67,-0.72,-12.75,-0.13,-0.03,3.18,7.26,-1.89,2.92
200107,0.16,-1.74,-2.38,-3.72,-9.77,-10.67,-0.48,-2.72,-3.21,1.2
200108,-0.92,-3.92,-3.28,-5.92,-10,-11.94,0.47,-2.82,0.7,-1.23
200109,-11.71,-17.72,-13.82,-13.68,-18.97,-20.26,-12.49,-11.82,-4.69,-9.34
200110,3.74,4.86,3.63,11.9,20.7,6.22,4.49,11.88,0.14,1.72
200111,4.98,9.16,6.14,-5.24,15.23,15.51,8.91,7.11,0.53,5.62
200112,4.17,6.77,4.87,6.4,8.79,7.48,6.7,6.37,4.06,5.57
200201,2.11,5.49,2.25,-5.02,3.53,-11.58,5.67,-3.24,-2.54,2.91
200202,1.51,0.14,0.34,1.61,-11.84,-12.72,-1.99,-7.92,0.26,-0.13
200203,8.21,7.01,9.66,14.33,10.31,5.53,8.57,6.44,7.69,6.23
200204,5.22,5.62,1.55,1.12,-6.47,-7.21,4.87,-6.27,0.81,3.57
200205,1.38,-2.24,-2.53,-5.28,-6.91,-7.17,1.73,-3.89,-4.13,0.25
200206,-4.26,-4.9,-5.26,-5.7,-13.5,-17.52,-4.92,-10.08,-4.07,-2.8
200207,-9.98,-12.34,-11.92,-14.98,-15.43,-12.2,-14.47,-11.06,-11.69,-9.21
200208,0.09,0.26,-1.05,4.71,0.53,1.62,-1.65,-0.71,3.17,0.95
200209,-8,-7.96,-9.38,-5.13,-14.32,-11.02,-7.8,-8.7,-7.34,-5.41
200210,3.96,0.75,2.78,1.57,12.68,9.5,0.49,4.62,-0.36,1.69
200211,8.49,9,10.05,2.95,26.98,26.05,9.87,11.33,3.34,6.78
200212,-1.84,-4.52,-4.98,1.9,-11.41,-7.16,-5.83,-7.02,2.28,-1.29
200301,-2.05,-1.67,-1.64,2.58,1.94,-0.6,-2.8,1.71,-1.78,0.68
200302,-2.85,-4.51,-3.74,4.39,-3.1,-5.49,-4.51,-2.64,-3.98,-1.56
200303,0.38,-4.09,-1.1,-0.85,1,0.93,0.63,4.8,3.85,1.84
200304,7.95,10.09,8.02,1.43,12.62,15.04,10.07,15.42,9.39,8.29
200305,6.84,5.48,10.29,20.54,23.38,18.32,10.29,23.64,10.59,8.63
200306,3.33,3.93,2.89,6.02,5.64,9,7.48,8.76,-0.97,4.18
200307,3.71,8.31,6.61,-4.2,12.38,6.93,8.3,6.7,-2.24,6.15
200308,4.17,5.49,6.61,7.39,7.74,2.12,6.58,4.61,1.05,2.94
200309,2.17,0.63,-0.25,-0.19,4.02,-0.47,-0.15,7.25,2.77,1.73
200310,6.01,9.63,9.18,5.56,12.68,5.91,10.1,5.04,3.14,7.34
200311,3.21,1.58,4.13,2.79,4.99,5.08,3.51,2.69,2.3,3.89
200312,2.75,4.67,7.02,17.31,0.42,3.89,2.04,4.11,4.16,3.12
200401,4.96,3.06,5.36,5.45,12.38,8.42,5.53,11.9,2.18,4.14
200402,4.27,-0.67,1.51,4.59,-2.54,-2.55,3.88,0.45,2.18,2.17
200403,0.31,-0.6,0.53,3.17,-1.68,-4.35,1.5,0.39,0.87,1.1
200404,-0.19,-0.98,-1.31,3.06,-7.19,-5.46,-1.85,-1.18,-2.97,-3.29
200405,0.48,-2.24,0.86,-1.1,2.22,-2.38,-0.9,-3.96,0.36,0.36
200406,2.68,3.85,6.46,8.02,1.35,-2.06,3.46,-0.1,2.68,2.53
200407,-5.07,-5.55,-4.78,0.65,-13.49,-8.58,-5.47,-10.01,-0.82,-2.95
200408,-2.1,-4.31,-1.26,-5.02,-3.05,-2.47,-2.86,0.08,3.02,0.09
200409,1.61,0.63,4.62,12.58,4.59,1.48,4.18,4.23,1.68,3.62
200410,1.71,-0.34,0.16,2.54,3.56,2.88,2.41,-1.17,2.42,2.39
200411,6.87,8.87,12.02,9.6,9.62,12.65,9.71,8.17,5.47,6.91
200412,6.65,5.46,5.48,-0.43,8.72,9.07,5.23,7.68,1.92,4.64
200501,-0.57,-5.97,-3.09,3.15,-7.75,-5.76,-1.9,-4.03,0.33,-2.16
200502,0.63,-0.76,3.24,16.59,-0.03,-1.45,1.59,-2.07,1.97,0.84
200503,-1.73,-6.81,-1.23,-0.01,-4.53,-4.2,0.55,-7.33,-0.24,-2.22
200504,-2.92,-9.97,-7.65,-7.58,-8.18,-7.52,-5.87,-3.41,-0.04,-4.43
200505,4.22,5.79,4.09,5.43,6.87,2.37,6.32,4.93,4.72,3.87
200506,4.09,5.07,2.66,13.34,1.99,3.32,4.01,3.28,4.39,2.96
200507,4.24,5.16,8.37,11,7.35,3.06,7.14,8.75,3.77,4.81
200508,-2.91,-2.59,-0.85,7.11,-0.99,-1.56,-3.58,-0.97,0.28,-1.12
200509,-1.47,-1.95,0.37,11.45,1.36,-0.99,-2.44,0.33,2.94,0.56
200510,-4.14,-5.45,-4.42,-10.02,-3.09,-5.76,-2.24,-4.63,-6.32,-1.09
200511,1.9,2.63,4.42,1.43,5.16,2.03,4.94,2.26,0.59,3.47
200512,-0.84,-0.09,2.16,3.48,1.31,-0.23,0.72,0.1,-0.04,0.6
200601,4.92,5.11,11.59,17.79,9.34,3.82,7.46,11.37,3.99,4.75
200602,1.71,0.1,0.37,-11.67,0.92,0.78,1.2,2.18,0.88,0.57
200603,3.37,4.41,6.1,6.61,5.27,5.9,4.46,2.68,-1.54,3.44
200604,1.16,2.16,3.96,5.62,0.24,0.12,1.02,-3.79,1.2,0.65
200605,-2.81,-2.17,-5.51,-6.14,-8.16,-3.73,-4.77,-7.49,-0.45,-2.16
200606,-0.09,-0.32,-1.2,3.16,-2.88,-2.33,-0.92,-2.07,2.02,0.41
200607,-2.82,-5.91,-4.46,-0.41,-5.39,-3.14,-3.81,-4.73,5.57,-2.34
200608,2.18,-0.5,1.62,-3.72,4.38,3.16,1.05,3.69,2.07,1.25
200609,1.44,2.68,0.29,-8.83,1.12,2.96,4.66,-0.46,-2.11,1.61
200610,5.4,6.14,6.5,5.63,4.12,6.39,5.46,6.5,5.29,3.81
200611,1.79,4.35,3.87,7.59,2.63,1.19,0.41,2.66,3.03,2.48
200612,2.65,3.43,0.84,-5.06,1.16,3.57,1.28,1.47,0.69,1.83
200701,3.73,3.64,2.88,-1.41,2.43,5.42,2.95,4.57,0.27,1.23
200702,0.37,0.27,2.17,-1.08,0.62,-0.91,0.44,0.11,2.67,-0.85
200703,1.45,-1.14,1.02,4.07,0.62,-0.73,1.54,0.09,4.32,-0.95
200704,1,2.96,4.31,6.4,2.32,2.66,2.21,5.05,2.37,0.53
200705,2.33,4.22,4.55,5.21,2.45,5.01,1.64,-0.3,0.7,2.43
200706,0.71,-1.19,1.74,0.1,1.49,-0.4,-1.26,-3.74,-3.56,-1.6
200707,-6.01,-6.08,-2.78,-6.89,-3.17,-4.24,-5.81,-5.03,-3.98,-6.63
200708,-2.32,-3.01,-1.95,-3.55,-1.68,-2.34,-2.08,0.08,2.29,-0.17
200709,-0.03,0.76,2.52,5.39,3.24,-0.82,-0.96,3.06,2.27,0.44
200710,-1.28,-0.36,1.32,5.41,3.27,-0.12,0.13,2.6,5.23,-1.17
200711,-8.57,-10.2,-8.4,-9.28,-9.8,-11.14,-9.04,-8.22,-1.41,-7.27
200712,-0.7,-1.66,0.63,5.81,0.02,-2.82,-4.2,-2.68,0.53,-2.9
200801,-5.2,-5.67,-7.7,-5.46,-10.01,-9.25,-3.92,-5.24,-6.03,-1.04
200802,-0.93,-5.18,-0.27,7.51,-2.99,-6.86,-5.16,-1.73,-3.56,-4.39
200803,-1.43,-3.21,-2.16,-2.02,-3.13,-1.27,-1.16,-5.61,0.23,-2.19
200804,1.27,0.61,4.53,10.62,3.33,-0.13,2.97,2.16,5.81,0.04
200805,2.35,2.86,6.17,18.64,5.45,3.77,2.09,3.51,4.22,-0.25
200806,-11.65,-14.8,-9.64,12.24,-8.44,-11.31,-11.32,-6.98,-2.96,-12.87
200807,1.09,-0.81,0.77,-18.21,-0.76,-4.11,1.25,6.47,-2.2,2.6
200808,3.21,0.38,1.98,-1.57,1.93,3.29,5.35,-0.04,1.72,3.23
200809,-6.49,-11.5,-15.97,-22.91,-14.39,-15.63,-9.57,-13.08,-8.44,-5.94
200810,-21.19,-31.44,-25.42,-32.66,-22.41,-27.05,-24.09,-18.86,-10.18,-17.49
200811,-16.54,-16.6,-15.46,-19.52,-14.37,-13,-18.53,-13.84,-1.08,-12.05
200812,3.47,-2.76,2.14,-8.2,3.28,5.3,8.27,7.04,-0.21,1.93
200901,-7.89,-6.09,-8.1,-1.67,0.54,-4.54,-4.74,6.19,-1.18,-8.9
200902,-10.01,-17.16,-16.29,-19.6,-8.51,-9.99,-7.22,-11.68,-13.07,-11.71
200903,9.59,19.56,10.28,7.99,12.41,12.95,18.06,13.21,3.32,12.5
200904,27.77,38.31,27.78,25.02,20.3,25,34.84,13.9,4.13,17.69
200905,12.6,4.45,6.91,28.34,8.43,11.03,7.19,18.51,3.31,6.61
200906,-1.29,8.16,2.08,-8.11,7.69,2.17,4.72,10.74,6.06,0.25
200907,14.93,19.88,12.58,6.85,8.65,7.23,9.58,9.12,4.93,5.97
200908,8.31,10.82,8.21,3.68,5.98,20.13,6.34,5.81,0.92,5.8
200909,6.56,8.2,9.31,17.72,10.71,11.66,5.79,8.44,3,2.45
200910,-2.39,-3.9,-5.92,-4.96,-6.57,-3.8,-4.2,-10.56,-2.59,-7.09
200911,0.99,5.69,5.33,-1.05,2.83,4.12,1.44,3.23,3.74,-0.42
200912,7.02,8.73,8.36,8.82,8.56,10.41,5.67,8.03,6.26,3.61
201001,0.07,-0.95,-2.29,-2.42,-3.02,-4.09,-1.18,0.08,-4.13,2.05
201002,5.96,4.69,4.75,5.4,5.21,3.37,5.92,2.07,0.48,2.46
201003,9.94,8.86,8.82,3.72,8.04,11.42,10.34,8.18,4.31,7.14
201004,5.46,10.17,8.74,9.26,5.16,11.19,7.51,6.97,3.66,9.22
201005,-6.4,-9.6,-8.65,-13,-6.98,-7.51,-7.27,-9.04,-6.28,-8.24
201006,-6.04,-11.53,-8.41,-5.82,-6.08,-7.06,-10.15,-7.68,-1.08,-8.77
201007,5.81,8.28,8.66,7.27,6.54,7.41,6.14,2.88,5.77,4.36
201008,-8.04,-6.85,-7.5,-7.17,-5.74,-9,-8.03,-5.57,-0.87,-7.46
201009,9.06,12.71,11.57,12.88,13.95,11.55,14.06,11.35,4.95,8.04
201010,2.16,7.75,7.44,4.87,6,6.11,3.76,2.65,2.5,2.63
201011,3.39,2.84,3.62,10.6,1.58,2.1,4.19,0.02,-0.1,1.24
201012,5.7,6.8,9.28,11.2,8.28,6.54,5.51,10.81,3.77,9.04
201101,-0.83,0.72,2.34,6.21,3.47,1.5,-0.8,1.33,1.85,1.77
201102,3.53,-1.48,3.82,11.28,5.04,8.57,5.92,3.47,3.52,2.83
201103,1.38,2.12,3.03,4.44,0.95,-0.22,0.87,2.74,2.21,-0.55
201104,2.35,2.32,0.2,-0.55,1.38,1.74,2.29,5.12,3.26,0.33
201105,-0.81,-4.27,-2.99,-7.11,-2.29,1.54,-0.38,-0.1,0.28,-2.67
201106,-1.66,-1.88,-2.25,-5.16,-2.96,-2.34,-1.4,-4.12,-0.35,-2.17
201107,-0.47,-4.78,-2.43,2.98,-4.46,-7.17,-1.8,-3.25,-1.09,-1.89
201108,-8.31,-12.15,-9.81,-15.94,-9.99,-10.31,-8.26,-11.36,-0.06,-8.24
201109,-8.33,-14.33,-14.49,-20.74,-10.88,-12.51,-8.36,-9.38,-3.2,-9.88
201110,9.1,16.76,15.91,23.41,11.82,12.01,12.52,9.84,6.82,10.66
201111,-3.92,-6.3,-0.1,-0.12,-3.84,-1.35,-0.73,-2.87,1.04,-0.98
201112,1.16,0.09,-1.52,-2.02,-0.99,0.16,0.55,-0.83,2.17,1.11
201201,7.8,11.12,11.97,5.05,10.55,6.76,6.18,11.74,-2.37,8.77
201202,5.4,5.36,3.25,6.38,3.79,5,5.09,4.05,0.91,3.66
201203,3.08,4.24,0.89,-3.25,2.47,3.56,3.91,4.42,-0.28,4.88
201204,-0.3,-3.86,-1.18,-3.51,-2.72,-4.61,0.31,-1.56,1.14,-0.65
201205,-3.21,-8.78,-10.66,-16.64,-8.33,-8.12,-5.66,-5.64,-1.4,-5.26
201206,3.55,-1.45,2.68,3.48,3.45,5.73,2.26,7.36,4.36,3.69
201207,-0.56,-2.32,-1.07,-2.32,-2.55,1.49,-0.74,0.91,3.09,-1.4
201208,4.94,2.31,2.87,1.92,3.6,1.67,2.36,2.24,-1.6,2.54
201209,1.97,7.18,2.66,6.15,2.24,6.82,2.75,6.39,2.76,3.96
201210,0.15,-1.64,-0.37,-5.01,-5.26,-0.35,-1.62,-5.24,0.42,0.28
201211,2.84,0.42,2.4,-3.25,0.26,-3.43,2,0.62,-2.56,-0.31
201212,0.93,5.27,3.82,1.68,3.11,1.98,1.34,-0.68,0.63,3.48
201301,6.2,9.63,7.61,6.79,6.48,8.63,6.05,9.07,5.11,7.54
201302,1.14,0.86,0.86,-1.94,1.35,-1.52,0.91,-0.28,2.2,2.13
201303,5.72,6.36,3.31,1.84,3.75,7.16,5.1,5.17,5.25,4.37
201304,2.09,0.38,-1.2,-4,-0.8,5.94,1.51,1.08,4.36,-0.81
201305,4.58,6.22,5.41,5.26,5.72,5.01,5.62,4.45,-4.75,4.54
201306,1.72,-0.36,-1.47,-3.58,0.61,4.16,-0.04,-1.27,0.14,0.25
201307,5.4,6.79,7.07,6.98,7.88,9.14,6.17,10.71,5.92,6.87
201308,-2.19,-1.74,-0.76,-1.46,-1.13,-3.25,-3.83,-1.74,-5.53,-2.41
201309,4.02,8.42,6.84,4.7,6.16,7.18,5.44,9.15,2.56,4.27
201310,3.75,3.34,4.37,5.77,2.26,2.93,2.74,-1.86,3.53,2.83
201311,3.39,2.6,4.18,-1.85,4.5,3.98,3.51,8.34,-0.47,4.17
201312,2.25,2.65,4.07,1.71,3.74,5.37,1.28,4.06,1.66,1.98
201401,-3.61,-1.04,-1.79,-2.55,1.67,-0.43,-5.42,9.18,1.29,-1.55
201402,5.54,4.95,5.4,6.16,4.61,3.34,4.44,5.96,3.47,3.64
201403,3.3,1.06,1.31,1.76,-1.46,-0.5,0.4,-3.91,2.49,0.93
201404,-2.79,-4.69,-2.89,4.72,-6.59,-4.78,-2.85,-7.8,1.94,-2.73
201405,1.32,1,-0.5,-1.36,-0.1,2.47,-0.69,0.88,0.7,0.16
201406,2.15,2.59,3.75,8.09,5.87,1.58,2.24,7.34,5.16,3.56
201407,-4.23,-3.65,-4.98,-7.39,-5.26,-3.02,-4.82,-6.96,-6.63,-3.41
201408,5.16,10.33,4.83,1.87,4,-0.59,4.8,4.68,5.83,3.29
201409,-2.87,-7.18,-6.77,-12.98,-4.29,-5.35,-3.85,-4.92,-4.83,-3.4
201410,3.6,6.05,2.57,-14.2,1.6,3.85,3.2,5.1,8.96,4.01
201411,3,-0.89,-1.31,-18.41,1.64,0.78,2.52,0.52,-0.53,0.4
201412,1.19,0.58,0.27,-9.96,2.27,-1.18,1.9,5.27,2.96,2.88
201501,-1.76,-4.36,-5.66,-8.97,-3.17,-3.88,-2.7,2.73,0.64,-4.95
201502,4.22,6.81,7.72,12.62,7.49,6.37,4.5,9.24,-2.63,5
201503,1.67,-0.42,-0.36,-8.75,-1.47,0.8,1.65,1.11,-0.12,1.13
201504,-1.09,0.23,0.8,15.72,-0.24,12.5,-2.32,-4.17,0.34,-0.13
201505,1.36,-0.54,-0.9,-8.2,2.35,0.47,-0.23,5.39,-0.77,0.47
201506,0.2,-1.95,-1.64,-8.7,-1.17,-1.88,0.13,2.56,-5.19,1.29
201507,-0.68,-3.52,-6.16,-21.17,-3.97,-1.5,-1.85,-0.41,2.79,-1.26
201508,-3.66,-4.25,-4.54,4.02,-5.65,-5.55,-5.05,-7.14,-3.38,-4.04
201509,-3.93,-6.24,-8.5,-18.19,-3.42,-1.08,-5.72,-11.49,0.9,-2.62
201510,4.82,7.33,7.91,9.18,5.88,6.3,3.45,2.88,3.09,4.87
201511,-0.66,2.69,-0.52,-2.51,3,-2.38,-1.1,7.65,-2.16,2.26
201512,-1.88,-5.19,-4.8,-18.1,-3.57,-4.12,-3.83,-5.74,-0.03,-4.04
201601,-2.04,-11.6,-8.93,-13.16,-8.8,-6.35,-7.26,-18.49,4.22,-7.63
201602,1.75,4.9,3.5,-10.73,0.76,1.98,3.72,-3.03,0.89,0.32
201603,4.58,7.26,10.47,23.99,6.89,4.48,7.95,7.56,8.46,7.33
201604,1.94,1.02,5.38,19.99,1.12,2.73,-0.03,5.13,2.91,3.46
201605,-0.8,-0.82,-0.94,-7.25,3.69,0.04,-3.29,1.31,2.45,1.03
201606,3.85,-2.73,0.3,1.01,1.58,1.78,0.67,-4.43,7.27,-1.18
201607,8.59,8.83,7.46,-1.2,7.37,2.07,4.72,6.14,-0.77,5.13
201608,1.47,6.5,2.41,7.53,2.96,-0.34,0.46,0.88,-3.74,2.81
201609,-2.13,5.84,0.62,5.45,2.01,0.67,-1.8,7.89,1.51,0.87
201610,-4.21,-4.14,-4.26,-8.34,-5.22,-4.6,-4.16,-13.64,-0.03,-2.13
201611,3.67,10.57,11.55,19.01,4.98,5.23,9.42,5.27,1.45,13
201612,1.09,2.34,0.78,2.49,0.27,4.3,2.09,-2.61,4.13,5.43
201701,-0.49,-2.98,2.94,0.58,3.55,3.34,-3.09,4.83,0.39,0.83
201702,1.72,-0.22,0.77,-6.5,2.3,0.01,-0.92,6.35,3.12,1.57
201703,1.33,1.02,0.72,-4.84,1.83,-0.01,0.41,2.14,1.61,-0.56
201704,0.12,3.63,0.96,-7.36,1.76,6.42,1.79,-3.09,0.87,0.43
201705,-0.77,0.43,-1.7,-7.83,2.18,-3.87,-3.81,-4.91,1.83,-2.68
201706,1.66,3.75,1.61,-0.97,1.3,0.35,0,10.27,-0.94,4.63
201707,-0.79,-1.02,0.1,1.56,1.22,3.36,-2.47,-2.72,3.24,0.28
201708,-1.77,-3.95,-2.96,-8.6,-0.99,0.54,-4.2,1.31,1.3,-1.9
201709,3.13,10.03,8.5,14.55,6.43,0,6.94,8.33,-0.65,6.85
201710,-1.19,0.91,1.68,-3.59,2.4,-3.14,-3.08,-2.31,3.25,0.71
201711,5.41,3.49,3.43,3.67,2.01,1.22,7.67,2.5,2.7,3.26
201712,4.13,-1.71,1.8,7.65,0.81,4.29,3.53,1,-4.99,-0.17
201801,2.42,-0.07,0.84,1.17,4.27,1.69,1.8,6.89,-3.7,2.64
201802,-4.13,-6,-5.35,-10.85,-1.4,-3.42,-4.68,-3.55,-5.15,-4.01
201803,-0.3,-2.22,1.18,0.99,0.44,-2.07,1.62,0.23,5.13,1.29
201804,1,-2.55,-0.84,10.35,0.09,-0.81,1.81,-0.21,3.47,0.97
201805,2.38,6.25,5.03,7.24,6.53,-2.46,3.87,7.52,1.77,3.44
201806,6.8,0.99,0.21,5.98,0.52,7.4,3.77,-2.47,1.95,0.49
201807,-0.94,1.47,2.99,-1.94,-0.14,-0.3,0.31,-1.55,1.36,1
201808,2.47,3.19,0.22,-4.57,7.37,7,5.49,5.84,0.9,1.83
201809,0.16,-3.85,-0.93,1.04,-2.44,2.15,-2.57,-1.19,-0.08,-2.42
201810,-4.58,-14.04,-12.18,-15.9,-10.9,-5.05,-8.27,-14.41,-1.55,-8.07
201811,0.19,-1.49,0.44,-12.66,0.63,-0.75,-2.01,-0.38,4.34,0.57
201812,-12.39,-13.02,-12.86,-22.23,-9.88,-13.74,-13.15,-18.38,-4.67,-11.22
201901,10.63,16.83,14.66,18.51,15.77,12.51,11.6,17.84,4.97,13.23
201902,3.37,7.21,5.48,0.8,6.86,2.38,3.89,6.56,3.26,4.55
201903,-0.68,-6.99,-3.87,1.02,-0.44,-4.11,-3.57,3,3.24,-3.21
201904,2.23,4.97,3.88,-0.64,4.82,3.94,1.98,-2.69,1.07,4.29
201905,-9.18,-10.56,-9.68,-20.79,-8.14,-6.24,-11.23,-8.37,-1.48,-6.04
201906,5.19,10.52,8.35,3.6,5.39,2.31,5.69,4.41,4.46,5.57
201907,1.59,1.1,-0.82,-9.36,0.93,-0.15,-1.12,-4.95,-1.02,0.69
201908,-2.91,-6.98,-7.57,-16.69,-5.12,-7.8,-3.53,-5.01,0.77,-4.52
201909,2.76,6.39,6.26,5.24,0.29,-0.64,6.77,-2.97,3.76,3.24
