Mkt-RF,SMB,HML
-0.48074313672400365,0.9416946511638935,0.48379861716337635
1.3322956284977405,0.19625445592307914,0.36243352130648754
0.6720297489055529,0.10893687674084503,0.015124396184593093
0.9033948195393201,-0.04712521033998504,0.07867684150267314
1.4855014018323869,-0.17522614849666954,-0.04373294175238958
-0.5638821349767925,-0.6254558174103818,-0.24862072914062833
2.60568095133058,0.04048694637347146,-0.6118001921779428
-0.8041821595895575,-0.9253182982073583,-0.6105661441718693
-1.1630887054582484,-0.5202098973621473,0.38280562024885467
-0.4332953804017795,-0.8625599744683453,-0.28679760004576854
1.7076266412927819,-0.3126887491993987,0.4354894406819195
-0.7831258018543584,-0.5384990161081515,-0.23491365036482248
0.5179192339584635,-0.30895621815435037,-0.13639515513462191
-1.1343898861734552,-0.18624403100964024,0.17241865486628297
0.9155100919582106,-0.10326213115895935,0.27866877200990325
-0.1786297788170962,-0.7584757314179408,0.48519789295079085
0.8466725975536491,-0.11983653781473225,0.30948273067250887
0.9147662813091183,0.30742750101754257,0.0450279646857341
-0.6656811329841343,0.6446591752044514,-0.5939307303060821
0.31410989605687684,0.1788098292985262,0.13866841943622726
1.9638588935501688,-1.0809429446399599,-0.7871340406359338
0.7921991881083422,-0.5309161568574275,0.42715485098664063
0.41221787224825707,0.8082943555442124,-0.2020066413770335
-0.051395137149181314,-0.3025600331177435,0.19241651409054145
-0.11878866399909313,-0.3706058712645298,-0.3346257141218522
1.2788877040989794,0.005071397911354008,0.08782355288977912
0.802564179838562,0.30808905597952985,-0.36841172591585913
-1.5814128327364547,0.224688553033143,0.43449099626138377
0.9725816041642146,1.0953325875535846,0.06358658666248328
-2.1601248407334195,-0.34547450363723875,0.2222459719748217
3.6473609354441345,0.06224091259022421,-0.4236425818019138
-0.7104329020996087,0.30528525538727314,-0.2849876037616672
-0.5594417653087003,0.4803738726367328,0.15819193358394312
-2.058214556865092,0.20123476626920847,-0.2323195429252075
1.1567915518370158,-0.09043332423443617,0.15622944084554632
-1.1555271973598409,0.24530034914081258,0.6399443496351419
-0.0075763588972108074,-0.6814552627508372,-0.8364156154054375
2.2877708420868883,-0.9203614553486128,-0.5899122454257508
-0.1798597811953254,-0.37349347678315414,-0.1286845013300067
2.869461685027132,-0.2910293066251314,-0.9622733688176878
0.41245701919503713,-0.2482084728981648,-0.11264227658258387
-1.1406705905381673,-0.007498207646248083,0.20641088615695827
1.0788530340048599,0.2947330580416866,-0.18013335798555435
-0.07606370628393894,0.451782357723707,-0.276628956692274
0.23045202295222347,-0.0458609025669124,-0.813029618581932
-0.20535920629909896,0.503627787921489,-0.1544072742770527
0.08675720212076048,0.27069158647795677,0.2865711712516538
-0.10081730383389917,-0.42917522875043235,-0.47240457752475945
0.3264022984717319,0.2827429106785967,-0.25596588132875686
0.33922241468267894,-0.2266141138202688,0.2462880219727706
-1.0229208935903507,0.08446535707815435,-0.11804846480182073
-0.6619964748796604,0.17109641175665857,0.5988143099752691
1.1485209241005416,0.020769148181237596,-0.3183191086151749
-1.0705776476112965,0.5716700844339918,-0.31194153168995536
0.8819547067163624,-0.2093381729238814,-0.2559548794003552
-0.3773587760694848,-0.1994797767860755,-0.16350553901008624
-1.8225725971937012,-0.056048789970835816,0.2567406639246996
0.39722100878650146,-0.4119178241261069,-0.2919561287265493
-0.008745633026028484,-1.0028248204064516,-0.8987914983527555
-0.5076111449996884,0.44489073150960723,-0.2796146137020343
3.165310414176348,-0.6865503405121376,-0.3000128490908527
0.31695378585871464,0.2679482036308187,-0.032934262570894046
0.181057567141194,-0.6232629003228799,0.8049809310277692
-0.033631718630540486,0.24164006797612517,0.7241603350345679
-1.8618473736138017,-0.6515705922960539,0.5394074460402126
-0.3318511581559044,-0.5281007212149312,0.4897195831098583
-0.7604964346825849,-0.1920635329130467,0.21063449110271798
-0.6394339675074368,0.07970372190183295,0.26459635936788284
0.9671231635844398,0.17571015436789075,0.45356351291308006
-1.2518042638162592,-0.737961614539036,-0.5245378404404425
2.464375060026496,0.6097085077122462,0.05160991188516388
-1.379767640058211,0.8480066199909297,0.4825690475751009
0.35705381813965625,0.4596062838596847,-0.03378470919191992
1.7245681033032356,0.49157489552817235,0.180240537969921
-0.648157514958108,-0.3769746546236351,0.14562752179784924
0.4486067134410222,0.1348649844161972,0.03848655084349584
-0.374923800111044,-0.6086878649331409,0.2739456813526413
-0.1939037699598656,0.20590098692048608,0.010964366111777962
0.23480981044099014,-0.10595665839725538,-0.46001721861533323
1.2038470500384406,-0.3465095207963059,-0.21559761869814453
-1.3763383265911584,-0.25178528478693596,0.6144243209204806
-0.05621520445696329,0.225002120910959,-0.6271929857413303
0.5009972579081671,-0.9042431067586016,-1.0766090708079756
0.04438843143560915,-0.14927190805245724,0.031366381116146355
1.8607850805778448,0.40442351809364685,-0.25569539089868587
-0.3022048623100993,-0.20365616679200704,-0.5192641880978957
0.029416185262184872,-0.3550296776428381,0.47858926376004124
1.5818085620005857,-1.3412493802933372,0.06055214133149396
1.565072130369067,0.26641697521961816,-0.18794307230053753
0.20114873533590166,0.5221920265364207,0.1984295262116417
-1.4861968196397746,0.13983625408014733,-0.3896325258752475
1.3810411249230066,-0.19080422609039274,-0.36230723605934584
-0.32419580536413545,-0.4471184799481275,-0.6240664783193844
0.8113799881192063,1.1410944673227208,0.006064885665074116
0.5039200268757622,0.5869775775662043,0.12580644173110728
-1.0171530833417914,-0.33370913756733667,0.38569053774083
-0.11908025617179482,0.36818124924484297,0.3139445872769243
0.9389809276427588,1.3258964761044356,-0.3707291242901685
0.8267524571264434,-0.15087620814098981,-0.34973418754237073
-1.1411152229547543,0.284851114439335,0.26839708251144845
-1.51168087337718,0.7096372394697485,0.6209823428892428
1.0827613956082525,-0.7603174010195254,-0.19975550279200435
-1.4997908802651045,0.20267706498972682,-0.4654719951143522
-0.6408126246478673,-0.01260286348713045,-0.40685204492528443
-0.3264470281075692,-0.15511214709916185,0.03879524564987402
0.6352068959450525,-0.272806225668188,0.30637666227983784
-1.8503313292720507,0.08191676218643479,-0.004988493592230258
-1.1550165373091528,-0.580569834014656,0.1292104454563263
0.17036163068208005,-0.13351341450633222,0.3469747883870832
1.435175290081558,0.08335364826278013,-0.06030065197610689
2.4184679490578214,-0.12728550767416488,-0.7332748241931852
-1.4407918460434785,0.4252266764371485,-0.16755500303523865
0.6003373226180382,-0.7488723363767587,0.2413629916090632
0.7228959818322473,0.2132690683706223,-0.07122609262564478
-1.6178725348379839,0.18198236906687806,0.32005278614419863
-0.023794010846790222,0.018865007838920155,-0.37221660619298186
-0.16599545009393077,0.023768873770106773,1.0018130443258368
-0.9224237250307364,-0.2951185476531649,0.34082066559002255
-0.8130845717294026,-0.4785002292705707,0.706026386389868
-0.9057926777526465,0.30209548174271017,0.5271319514511664
-0.12339895147020147,-0.23063009367910656,-0.010950952797220085
0.5529327091065231,0.7951640819160961,-0.5011782033030402
-2.275244312220203,0.16062683276366044,0.7790072002171288
-0.5806077827625915,-0.9932387028506579,0.476736319884172
-0.7536848766996387,1.0565047521774953,-0.12601006216916072
-0.743635313344922,0.3468124579065237,0.13047683687162726
0.49019882151880095,0.0440817343151744,0.03748306192378896
2.9711075018210216,0.10363351830324448,-0.8094568658879946
-0.08507534545046087,-0.2964990991108769,0.4474283977602518
2.871454428064377,-0.27624842018935725,0.03357303703650748
-0.5818405107419551,1.8029938757045276,-0.04641499602494889
-0.6948467086137087,-0.2859291792760372,-0.8250430569251433
1.6313870927262424,-0.2103802088642078,-0.03921722539386159
0.3783594009461313,-0.5628648268444997,0.36997045076594426
0.04385603344046637,-0.4026215344221532,0.1396928871423556
1.1462568313642765,-1.174024373847756,0.2055193874461051
-0.6262848279815626,0.096820231373323,0.3512646168326423
-0.08958776253906262,-0.18177432036451718,0.07847615429853301
2.150800941031268,0.7854316417323802,0.0992657738194843
0.6586667123593387,0.8039950432848212,-0.6143968684656324
2.0378883036578768,-0.7652237628444241,-0.2014702434106277
1.5635200468582033,0.3998372808581856,-0.5739344123807523
1.351886446366052,0.3664192281202052,-0.6892253168835313
1.5927737432278446,-0.47533396053872057,-0.457981537815787
-4.065332188539266,0.27354671992235047,0.9412971852223473
1.1461203810822438,-0.2711725539811216,0.12976354687126462
0.4551120898174612,0.6523739115932664,0.15492814967386068
-1.4584723245335052,0.7355518238889517,0.6617117520366343
0.7531309771442719,-0.4559171409346796,-0.2673086478694575
-0.047808666947656855,0.3695872694848561,-0.007768798490448262
-1.602338644572864,0.7821463285486246,-0.4049634792957757
0.4494816652971887,0.5649975625109404,-0.11712829054236924
0.4162146828002921,0.14307792699308883,-0.36052660922827223
-0.2584334345824851,0.3948086307823159,0.07863467140213813
-0.6394604793429328,-0.878425062300971,-0.19760422471788963
0.4820747905420544,-0.025945758076986528,0.43212986459966257
1.1682713060791974,1.564120775338193,0.03323273970324474
0.20916031757168443,0.14069184966320375,0.3684593090166024
0.0037809195003352704,-0.4315089437344918,-0.653473440331368
-0.713382913253068,-0.32767436638840397,0.5598897832091083
1.6423941754729041,-0.1431139148224395,-0.7045578475570274
-0.6895945092028118,0.34905118539846025,0.3311522233214846
-1.0573490430892167,0.11093302906523637,0.6012340486565872
0.37010672854281834,0.0019900424757530594,-0.17573297512661
2.000363228152089,-0.15913558193087274,-0.14505285244815977
0.7517708353581024,0.7260980859506476,0.30758638440087893
0.5459054518376888,0.5932608054055911,0.6804029764136433
0.5596098008513837,0.13035355457027653,0.07831880960702443
0.5802273831738926,-0.19248556338684003,0.39768228851143067
-0.3784501071191351,-0.06635692167052223,-0.17978541754218363
-1.5827391209435155,0.3544068108782833,0.24882172197810817
-1.586782718392014,0.5510394037687357,0.12081633193650677
-1.3569324909891005,0.4227483618883594,0.24016528133902162
0.5498739239660099,0.2191927961337582,0.06726526609150911
-1.4019777781973637,0.5837289848113207,0.7121730215325569
0.5378831940897109,-0.11454456608758662,0.5887453158883197
1.2739991267903332,0.19849731940939466,-0.27680983879711657
-0.21611193005763554,0.24960392639326368,-0.16150715775105684
0.0599776253211291,-0.12833120777291446,0.18183198897629108
0.9576157303245999,-0.15193187083295767,0.02662407507446961
-0.47175941913428165,0.012489799589466215,-0.5326417358852169
1.1751247474312716,0.05200175061510838,0.06842856638075505
0.4844889205446134,0.053621376929300954,0.26496995189733685
1.330962355984404,-0.009722922465583268,-0.3562967142858367
-0.8147294629842331,-0.544357330945671,0.1876212826418307
-0.22928749296872916,0.18760341483109644,-0.11266883366436965
-0.1490047137663402,0.27389484308475787,0.014814095527966649
0.6960863712018023,0.4427522758022774,0.029884388827452247
1.387406687008222,0.0015716179596841073,-0.08772486668600933
0.4356218290706126,-0.36294803216591287,0.272270560222851
-1.8034608271060704,-0.75350292619155,0.6571519686885648
0.27792701880421605,0.2320055796819236,0.04341358357437797
-1.7801102693054496,-0.8760743094430178,0.11126744346044341
-0.97459282820823,0.44521318502706975,0.5425758271626798
-1.9426211159570244,0.09382601161749907,0.3943631621809806
-0.8233957397171489,0.37673268874855637,-0.04075452853634605
0.6685431075696222,-0.7475394480257136,-0.24743756370134984
0.9376637165937115,-0.5801046066042963,-0.002294244603468703
0.3735745837384402,-0.2553511814231084,0.17252186999006278
0.07959625030005743,0.4620077933374205,0.1121197886180975
0.02948313304897947,-0.545563806090514,0.5439382791004931
1.5412651158828836,-0.535460938757007,-0.4429632668525144
0.08434878639064883,0.04518578632002911,-0.022376952260616662
-0.7845712230115852,-0.43184594821308253,-0.08910941413882888
0.6855366810872429,0.37132989069020716,-0.05724610881028644
0.6733839666256818,-0.01371526627649191,0.19353963841617522
-0.14183935181313825,0.7881851518725608,0.1527478332194015
-0.5840261560507469,0.2769910874249091,0.39951195485119756
-1.2781162897890126,0.18547214958869168,-0.35187560946186713
0.26350704054388613,-0.5043999909265864,0.11330763030081471
0.953463435394446,0.8295685763028292,0.18040571998818525
1.0416667002992037,1.0925923828851605,0.5960256141713495
-1.6160068622029489,-0.2715967029428068,0.7375087806316559
-1.6034951229297223,0.4973926957597373,0.11354237008791608
-1.411062778822332,-0.3052845948144547,0.4433804629178616
1.3334407870698792,-1.0484178953766405,-0.5118480929032255
0.9431203584177763,0.24975783741081348,0.3884567076658113
0.15767555169523248,-0.8029393911587396,0.9149085302072714
-0.5212545214999993,0.5806184843919487,0.5439432154821581
0.7589016518966778,-0.09889491014804211,0.02520565490872333
0.5402624977131665,-0.07692988346425292,-0.5546286873278187
1.3321790067943606,-0.7102847123476466,0.1773686204288333
-0.6804504855070665,0.15135702435761883,0.5842906172981807
0.6390267861988851,-0.3436425476500057,0.17016384367083418
0.6249552184954844,0.1348786315330377,-0.21778811771148487
0.09096997527440051,-0.46667654713275764,-0.2669549305835377
0.0996861249053244,0.355149285375867,0.02439942531901278
0.863181284898049,1.0152324593958941,0.036211087918651866
1.5230129998752389,-0.8195875285309745,-0.24303095539037617
0.238631968507828,-0.9913905757926579,0.6098831470829695
0.7841555905157438,-0.9500356301478495,0.5440554548286479
0.6267000523800402,0.026381915715346867,-0.05608457733859028
0.35562980196797084,-0.2096615017089444,0.04373930321485256
-0.06533704798998528,0.9872207608207396,-0.10342797160495647
0.26337838571383393,1.1662859770654432,0.1827583381456319
0.33300937164500305,1.164136086322621,-0.8876906184530525
-2.1274602915063783,-0.18926867162052669,0.7398538607681681
-2.4179485560383,0.36945592809988914,0.6594226030300749
0.22026947189816484,-0.5041953234054883,0.7856700638405821
1.716851091832006,0.3049309481015692,-0.36800169330130916
-0.17158390913780938,0.03624759992254553,-0.29640767136907065
0.4509412422761511,1.0659262653681407,0.03533747737889313
-0.05374137205337956,1.016492907868312,0.04288790826229366
-1.5054822164060133,-0.5104411585035356,0.27758993526367587
-0.2837098303239065,-0.49085609417950893,-0.4515910934875212
-0.9665298782360359,-0.06256974740411908,0.033213048009986354
-0.48953628981771774,0.49821685354565937,0.10728917376624751
-0.32177094451257343,-0.9258178695177535,0.8027481862656572
1.4091961787444662,-0.5225385367509103,-0.03949265663126873
1.0047946425102219,0.5324394420852869,-0.31421491791063216
1.2087155789125614,-0.037204027223741686,0.05610957305793303
0.6537052930553364,-0.12009739065981181,-0.6674682652447047
-1.2813889381898957,-0.23758316584476222,-0.4101068747492693
0.14061708061987568,-0.6899827535735791,0.5595667911405817
0.22479243651318623,1.0938317282274768,-0.43921712217031394
-0.44626999396163347,0.5738776932839925,0.6269199145075481
1.189374731190469,-0.30021917900042516,-0.31961879030625606
-1.2469789296632663,1.2057410332666738,-0.29065633626550497
0.5319150910132648,-0.7982676783328767,-0.616136534942297
1.072139995950798,-0.0820422726489033,-0.02571181489974687
2.2408824826310476,-0.6303113307192858,0.020392121670247888
2.1491246986320487,-0.5372543356936111,-0.008066801019701097
-0.9168751123405214,-0.4728034677279873,-0.3187725321723266
0.746605923640954,-0.20933265039093368,-0.33155467321709453
-1.0415521129184344,0.3310656518532328,1.0206229384730663
-0.1301971647065189,0.20924171897378724,0.09715234821691636
0.3502853864640017,0.11273527108217467,0.008286474696637635
1.4260363436105885,-0.647567848061104,-0.062492388555403136
-2.1197054423535415,0.1474245201205148,0.6031154076186642
0.16038768994460578,0.779371445277911,-0.4902400629089777
-1.1761912457558115,0.4499991671833551,0.20940015611251106
1.6666676280618475,-0.2683211047587615,-0.46731841347057357
1.1384858015510277,0.38330435216768644,-0.9737246311241935
-0.7835612274349563,-0.05404989041675812,0.38605383464954646
-0.3762882359769337,0.8558568346005444,0.05123763165378488
-0.6332338149650912,-0.4249024135310062,0.6450057015265175
1.0255995880806943,0.6051643310796827,0.06480810410335029
-0.39814896228911434,0.24655703823321032,0.3963090461092526
1.7846748375897412,0.4753419671948751,0.04268215713688993
2.3463238630679686,0.1662570783424078,-0.15775610478376617
-0.2323731678246078,-0.09092908774429659,-0.8426549979675478
-1.269030182465791,0.5730179220683159,0.09401050596569764
1.3846577420429416,0.03938656278954559,-0.0828590743969685
-0.9353919527302826,-0.7022163875731269,0.47081265611378625
0.831313396029509,0.7234814037767535,-0.293837165399367
-1.011948345358391,0.9852465228847839,0.5641702902544913
0.6674496827303031,0.038085065211282285,-0.3776461950217467
-1.0227579509882803,-0.2534826993872644,0.12153276502078497
-2.3197587929722165,-1.4553002061333675,0.32763463076762156
-1.9617279402845187,0.19856910790307822,0.12819853629153607
1.8709529159198584,-0.14463122736776923,-0.10252278214704795
-1.222611407508197,-0.34829623775176444,0.7719578385410003
-0.35714745328354514,0.5783710407795027,-0.20556410012662474
1.3670850261797987,-0.974696765067512,-0.4456378122057832
-0.9621774674096513,-0.19168649223961423,-0.0014496296698723148
-0.23846469263895284,-0.37237896822613104,0.849998059584407
1.2482833991711277,-0.3924164407219902,-0.4327927177138207
-2.1929104502477963,0.48710742935994045,0.299577849004799
1.7923628219612768,-0.058335908009980425,-0.044341802205384376
-1.9200141220941354,0.223996179350713,0.41795763826827814
-1.4453980277691227,-0.06304222972875725,0.32930749249779856
-0.53776768144911,0.0461704548556707,-0.3403415708801824
0.13841413318852028,0.5119303742474696,0.5730226973483387
0.9475440644488928,1.1081647550922682,-0.5671560578230023
1.4536679339935978,0.11042529451992428,-0.8934304391468414
2.623895310754527,-0.24402281601816753,-0.5690779604257998
0.6494365858557933,-1.132242577841087,0.0985003915870993
-1.7640452346688553,-0.9284576425736534,-0.16838371069141433
-0.2109530973040686,0.4855888816342864,0.015587065113402437
-0.5151664939823433,-0.34668577535147294,0.4654072573173817
1.10186021647952,-0.24275465641724617,-0.22402982497491641
-2.274954492778247,0.4080536794249503,0.547890302464814
0.26522917181757905,-0.00558989533518766,-0.24354412039035872
-0.3463418050990168,0.548463281328981,-0.29049865113883644
-0.3568877628028478,0.1847663545665143,0.22438497918081463
-1.2911543473272131,0.10304780914483584,0.2605946669472997
-0.6457567249424068,-0.6277205778966102,0.24489501704233185
1.330580101218859,-0.6079325990384084,0.028329939034135432
-2.630678652914062,-0.3197979189243161,0.30276528078562176
0.381307796684005,0.25281067064641394,-0.2576885046411651
1.004270345207198,0.4535548460330282,-0.12114050024146501
0.6562995692170001,0.3857039569621258,0.294037586235878
2.697330007149635,0.6715392363470055,-0.2623358083356136
0.08250413092293957,0.0493016287384936,-0.48374438887988414
-1.4664917658143157,0.7676321576177066,0.6100510610203723
-0.06634029931928315,0.41618630970518233,0.5054654163369817
-0.37593179783201347,0.5447540278985787,0.6096218332028788
1.098740645096403,0.7285561352882376,-0.3941083169852607
-0.855130572903763,-0.9837045489512504,0.0667745663009051
1.5157180787861972,-0.0919791503341596,0.721968863909845
-0.05155341840639746,-0.7616448046890048,-0.42447959275104225
-0.8582182316402912,0.7335951979875389,0.07221874316146466
-0.09678970824527813,-0.22435509129889183,0.0423631256259423
-2.029839489504911,0.6333558232093988,0.08763728936896702
-0.8716747126444864,0.11780232814315433,0.05389700338842453
-2.202021678064241,-0.4701568551031773,0.3877209394749727
0.6803813891898328,0.03001252071933528,-0.36853564222662616
2.2904225947604226,0.3515855040544492,-0.270548202905467
-0.5339776831791199,0.034814716384812795,0.7835466461600757
1.5293981309717894,0.20488408378191805,0.4516197479543212
-0.7645831096196425,0.646257274760498,0.13813423614555992
0.6101071768318925,0.10289686557397205,-0.017420391540501772
-0.07165783599181463,-0.657216544309368,0.2737728423655219
-0.2605958805823104,0.381084826068532,0.19008532407564607
0.4447116357841526,-0.6158306586453234,-0.3807759586942578
-1.6527894320622174,-0.9057382351337596,0.5590947163079013
0.6060111620355526,1.124222055815191,-0.01407049122913238
-0.2968162183512821,-0.7776341367093342,-0.2444092632455795
1.2732374536815338,-0.571622207349677,-0.15095089906937578
0.9430706400141479,0.3976449937645652,-1.242642908654748
1.084986051945879,0.4990876637629579,-0.5072869416512303
-0.8634077689271008,0.7216829078289592,0.4394111495122272
-1.3888492059851447,-0.9138568786422967,0.2126216369940978
0.16240733494705642,-0.5258432429558717,0.2424002211260857
-1.1082391937493645,-0.1115156895856804,-0.21183220928413915
0.7868851630111086,0.6285985803856237,-0.5992623342333886
0.2155292322516076,-0.24156606828294522,-0.6146662082169817
-0.8754913029393538,0.5367532596813109,0.14888500434160173
0.3323097098827596,0.6445099086394935,0.01720907518630029
-0.9548832681399713,-0.5918808252768096,-0.08251060844261061
0.14254532249950794,0.0956028134139055,-0.09535194624284384
-0.7846658747692552,0.23211350542161743,-0.09693046616746671
0.7424136910193115,0.7642187049770874,-0.1461437795131338
-1.6688929683643108,-0.6188818894290765,0.4812936297396197
0.29008060434181476,0.33607131920848066,-0.4327249923664943
0.14750234428426762,0.18016939042415375,0.45271729552351764
1.5460626597777318,-0.5254310808680247,0.05833184254007752
0.7844758413483306,-0.6919358209473744,-0.26572122241404994
-0.1880060907490943,-0.32019254118487794,0.12133230496310707
-0.1981927444359356,-1.3182382905496692,0.052402595111790795
0.3222111940395291,0.4415639045755203,-0.1434851398249425
0.2560119809937118,0.6654116311154685,-0.4488649739499159
0.18403562392235348,-0.779679494794114,-0.2773642745968993
-0.6346121099097076,0.17428510237682254,0.39580932779029304
0.07076845970404717,0.12063299877358297,-0.11912045507766618
0.8296030006262767,-0.1390934337879867,0.19399327417607046
-1.7804658784657763,-0.2928605437959948,0.6380019214360648
2.487120278330967,0.29744167707189395,-0.3911727933855703
0.1665758139256692,-0.1468685633837348,-0.8283081411591677
0.6882863967351105,0.40101184814284496,0.19616933939325978
-2.0022317593731187,-0.9916928251430405,-0.14234525034590384
0.37602747527545555,-0.9193660442055386,0.2641864664564604
-0.25852459031245145,0.07193468655891769,-0.14017511024490248
-0.8541054584696275,-0.19699399599494635,0.011773761417274226
-0.488054385684664,-0.05854033990326099,-0.19963597491742646
-0.4708779120143862,0.47900593155769366,0.9373533350049961
1.9849523769148698,-1.3011535764457285,-0.5263741347328921
-0.4950111328867855,0.17812024723386652,-0.16584614975303544
-1.5916650854868117,0.7581314674551423,-0.19760165420306594
-0.7311354062357764,0.18322550872611718,0.19219389312066035
-2.9395730312311716,0.1250371215514563,0.8507925468567658
1.3965349689994957,0.020815478137532414,0.45791639380805893
0.07534878879421296,-0.16111651564063673,0.3062390684997117
0.377067129044767,0.8916839862205037,0.30812180689331503
0.29287279857322573,-0.12644421548508425,-0.4954903773895958
0.06797236502773647,0.44829993785597677,0.04204994007971968
-1.7932144754584418,-0.08940868216903791,0.9581012483240522
-0.8626385591518628,-0.008382019941594272,0.6817362099822687
0.6650250855783468,0.2930049157083423,0.5094542504867196
-0.827659886491649,0.21620184168003284,0.26729864173410234
0.1907140452568799,0.3322328630073583,0.3421939124627673
0.5972467611266132,0.14821291443343723,-0.09666551489002043
0.06294734170716354,0.7873232760994863,0.001430175404589621
0.924238558493183,0.3949864062803343,-0.2197523701015266
-0.5196380112999692,0.7586080040012898,0.5139345148545486
-0.5455343221937439,0.11292081609612228,-0.385618014923758
-1.1961363427909806,0.266652204063909,-0.09806690917146645
0.3498324739059396,0.0005738976528863599,-0.3968637092248915
-0.08772230580695013,1.3643100553443888,-0.19537728784888925
-2.0170098407316197,-0.32669632720959907,-0.007536555768796482
2.3659585879492164,0.8420641192861831,-0.8830835343044043
0.6031170582858948,-0.6656609132471795,-0.7633455345423125
-0.29807561228933604,-0.2983444654308154,0.24989487919071235
2.075883865852005,0.2849373008730228,-0.5947066427533884
-1.5456174997350454,0.052238235351164904,-0.25906872747335447
-0.8343525507126273,0.19605338796123306,-0.08357518900885465
0.9643431291531676,-0.12498960167211964,0.05518773747208998
0.48089658934437235,-0.9547698231575565,-0.5279377538079523
2.8227936599410204,0.03364305197907125,-0.8063360545681412
0.04394892048096716,-0.3910754413815961,0.06130548632633452
-0.33445767912394203,0.8454887249013605,-0.3680026756676831
1.3957612125641476,0.13471895023361982,0.05882468343293877
-1.6822184868289365,0.3231966154240171,0.5200100467396453
1.7033404047861809,-0.7776047580290014,-0.7553815981057549
-0.10488429983724992,-0.10124483943608728,-0.07920119640410961
2.2454843339903583,-0.13773017637803225,-0.3635617106487135
-1.201162714875949,0.21214275585941364,0.33257528143151893
1.2947965132787898,-0.8337636752919966,0.24839799861490314
-0.577314913173624,-0.45268115460950686,0.11145371020879478
0.00752853078273007,0.07601466265226675,0.41786242074186114
0.202516836121146,-0.6630114542988612,0.27062648779600706
0.6433286210230162,-0.42999900320163953,-0.012098570274404526
-1.1799786894478717,0.5963314853781282,-0.07262059425699734
2.099527141803376,0.3041628952860572,0.48685207281368303
-0.5990692375939943,0.6150773084100708,-0.20681312790063697
-1.1921066272894598,-0.7807909869969323,1.0124294103448768
-1.6544157265158723,0.6613371741906782,0.24970080033440453
1.5199233827876601,0.8110288195641775,-0.2636836721588781
-1.1843910405367208,-0.19695639939618093,0.18279337449998329
-0.39200191002428486,-0.19941611917878216,-0.33368404967236287
0.40387889113163006,0.21488777071634438,0.33685872414343765
-0.5945001086235526,-0.4080318607444834,0.7440323624382114
-1.540369840107392,0.31561314785465244,-0.08345612575699775
-0.9234808876343406,0.01634172894226471,0.014862997801575673
-0.3728499758404879,0.11352388672512488,-0.08991916606195924
0.07740601310225702,0.256158497053011,-0.024400581402087018
-1.708939584889163,0.7227670068569836,-0.10373132576967993
-1.5147052962685963,-0.2533997675404295,0.3248224753042985
0.5195440703859485,1.3787555406294898,-0.44088445638844537
-0.8717851680563251,1.2286778962128757,-0.3294647990062213
-0.8739877716087495,-0.5889262720646096,-0.05857223821401304
0.5732493959955691,-0.8668880889641578,-0.6672640764528716
0.9681774845608405,0.40802581337241284,-0.6287735051882497
0.9579026690985556,0.26464653315120545,-0.28753632145092756
0.7325006883214701,-0.008670673220668345,-0.16348023140878565
-1.898669523810971,-0.3747554370195483,-0.009640566380803028
-1.8852901030166718,-0.5799352957042428,-0.15384150918818162
1.3114632663563284,-0.5362774426722624,-0.021802493574654812
-0.7431240180785401,-0.4269857425163699,-0.19970373440342773
0.1879440241579535,-0.017687686187659726,0.21643815331981348
1.0077229465399598,0.13715457492782504,-0.4829444633123646
0.03053640092906822,0.18395056900957404,0.5362800444339972
0.2854349987074321,0.47863090274595277,-0.41953786523613656
0.6420618070159732,-0.037566328044012595,0.2590753184872278
-1.439264182198104,-0.08642874099211491,0.6497251809174595
-0.0583423494477891,-0.399835427857392,0.8541307622448993
-1.2589474148256672,0.08852950033445424,0.4993728621781314
1.0296678363226262,0.04306311016726875,-0.27901835233801925
-1.109662977882588,-0.27213108708949807,-0.427199928615823
0.7072499003181859,-0.5290178834502519,-0.051086397673302586
-0.38051072310851164,0.33212243135617114,0.5755275071809888
0.24500237764064592,-0.07342951971771386,0.07023043896896651
-1.3475188698143552,0.4160102286368301,1.0160443484983168
1.219372560515409,0.05563782906033738,-0.22202553478228557
0.1506016266848265,-0.19895777289987376,-0.34031947819444336
2.11090148946909,-0.6316457193431089,-0.4046226009000552
1.0704225391234292,0.5768220186801808,-0.0038946478035320857
1.559312001255041,-0.07216708826764692,-0.9246328778446968
-1.7653928214447814,0.4077408543183121,-0.09902342982434105
-0.6266448202488817,0.44365987111039173,0.36015399197846915
1.5252207261134914,1.1345283925985452,0.31815171204636966
1.183959636093239,-0.30058826481943846,-0.5083524428043281
1.3485984562191802,-0.09968147355623545,-0.04723481000517117
0.8827273024439977,0.30745719504610425,-0.31278634921627035
0.05995527088058847,-0.21484916763918463,0.12342766351836568
0.42864065934176093,0.6865989973387259,0.20424950391837524
0.6539438128603151,0.05998399948131683,0.06079198156769079
-2.1652151029658913,0.7590051240823619,0.22270302719372365
0.7542341511196313,0.2012463588462832,0.10581135448946856
1.0686788974993713,-0.3257875306058512,0.1370435794794865
0.15488223488072153,-0.09977422640636359,0.06025787554993388
0.9281750077116822,1.0089257318044713,-0.3120765700755237
-0.7296878491863205,-1.191284968812978,0.6311800984712742
1.1297163809580002,0.2446607446590533,-0.45493164805370706
-0.8769933262847287,-0.08446953698488062,-0.10730045036222595
-0.08069096613173156,0.44634817131662186,0.018813878632169486
1.1457925518684926,-0.18880214835346742,-0.6550417707940219
-0.5313403482132424,-0.010868260250731211,-0.21877752651576515
-0.5619161820504106,0.01511153908255268,-0.4615419071415022
0.5485131771166324,0.287973343282778,0.10441335441697716
0.8012078890776997,-0.7129973279054824,-0.6469453063075846
1.8239610273367808,-0.2802186458662843,-0.1379972394097903
0.01680973965176128,0.13790053588566195,-0.08679648168342986
-1.3135177068902706,-0.6216457349305866,0.9246820329901374
-1.2312622423326856,0.24926567555374116,1.061804327695188
0.5103600587729231,-0.060595939968953155,-0.6348360178134362
0.4458060858537916,-0.3164642850560543,0.9621499221576958
-1.2354305855124548,0.1091375426311271,-0.13871891245876072
-1.5567324645088387,-0.8151020718895451,0.6308292855628727
0.6037264384000617,0.2523461376195426,-0.12052261905846921
-0.7016143676146981,-0.02190427987683005,0.2164870424293259
1.1869875111409571,0.23719985966549487,0.7131690753861101
-0.5839730133053915,-0.5336292063640765,-0.4301688898673613
-1.6132331866917422,-0.20288883122460963,0.6660845721853906
-2.190258757153662,0.4896939466659751,0.879577413388477
-2.5223276989728296,-0.024142715868842715,1.0163647678220653
-0.9381308098206436,1.013314318094962,-0.6246223659292284
0.4434384591997855,-0.030465440944238212,-0.7053785541551524
-0.36110370451485285,-0.32673392581615956,0.27358897834016804
0.09052430432633998,-0.43711668494317535,0.9444641513459265
0.04658799136175902,0.2178689208405038,0.642398021136456
-0.569528560344443,-0.18889577093135645,0.21504929079227558
-0.27814093708867077,-0.7521830924356935,-0.19370132342805602
1.0686076186628566,-0.07167331109758161,-0.4517053130401809
-0.9022035502835672,-1.016671834148268,0.5622026212711166
-0.3299209790420884,-0.08129818433619256,-0.16621099843822812
1.133319671593506,0.06616114457310152,0.30946292986478385
0.9456709045986721,0.8451501898100628,0.18152794773529313
1.0362296301288154,-0.5968142312719054,-0.08329829034941762
1.2828917777007027,0.43194581499626117,-0.27948979680764
0.9924472857295796,-0.623728540463031,-0.3933593492565303
0.13946009886704208,-0.3695125128837011,0.7582672568699381
-0.37183932502652717,0.8045025363939653,-0.0017934476604177553
0.6647608926987287,0.35638436621581093,0.39322040500477123
-0.6500991374576897,-0.7347777942837025,0.2199920692547912
-0.46689859001459727,1.008832038553385,-0.5565217457485147
0.2130275179247406,-0.10563858609539961,-0.21507660213604154
1.7323674950844274,-0.761513810623682,-0.14952698905141182
-0.5293269823365223,0.4025110911677491,0.7192801045674885
-0.4463496636146505,0.9358205820501592,0.38691682924786147
-1.2095192556423155,-0.3824646546530318,0.6299162943517754
-0.3669151723701817,1.2679220545481662,0.27510891800824305
0.9327340880508209,0.2593780488428099,0.6457010980213842
1.5777902315008003,0.21389600003307727,0.035878025504633856
-1.231044612371814,0.03127649110768605,0.45769930304001905
1.4207641533693942,0.34675477978179814,-0.2853462628888021
-0.8408349074204544,-0.6799980670731649,0.27350650145703786
-0.05345210836943741,-0.08237175636710586,-0.9708302294440068
-0.0797147763032652,0.37896404561834485,-0.28657449468032453
-1.8959724339769695,0.6851831126980602,-0.2174545553108611
0.1035174049837106,0.1084675266161306,-0.24223506211968915
-2.367267721632888,-0.4729548958830283,0.9730912192609206
-1.1275870295151884,-0.4786271716382289,-0.5072235578621338
-1.0823477483235957,0.3143830292066435,-0.3942616564041105
-1.2900017461629407,0.004151102148539764,0.09395564480634185
0.3376149065058937,0.48944065315525886,-1.0305554015168146
-0.33654714465519403,0.8410130884008058,0.21022447577491438
-2.709565084142516,0.2186156019201937,0.030394293160808317
-0.7704335562652235,-0.1321297388754643,0.47609745671926684
-0.2926573862545612,0.7482738968064938,0.9639954386494133
-0.284226563175409,-0.705448182967737,-0.05970288739116093
-0.471893404411033,0.842989542655943,0.2682573026264872
-0.5533041458564583,0.05479704454656164,-0.6299054178866678
-0.6761501279423099,-0.9699500083549525,-0.4805731948560471
-1.015657249255962,0.436308271841527,0.4292788148106013
2.529587592984832,0.4692961369488603,-0.19336707065918074
-0.24597893218167685,0.016760889128996325,-0.21051446166082632
-0.1935987890583111,-0.5204955234508616,0.23642044235045462
-0.051860802026514316,-1.0395720997030167,-0.44554860659549966
-1.124447605069892,-0.2061262655512743,-0.07956860461620342
0.11369690280544094,0.30112710141397625,0.19712279883378525
0.05446840337682425,0.7676956456435587,-0.1361831695388394
-1.2721900432314417,-1.3461891416422596,-0.6411779119344205
-0.13088639874266966,0.29106475249820996,0.14903794438359427
-0.7255381331653434,0.043754444304605636,-0.51716818850276
0.1641002302706225,0.6040815049768541,-0.5080162470373698
0.5174807886900455,0.30775376874174776,-0.3323117745161335
0.3443993411401686,0.01403039654736539,-0.9224901977416177
1.0019172305105202,0.5060504994641774,-0.8340709032336501
-1.2984942270316946,0.6936562196255676,0.10107089101154985
0.21490077183463555,-0.12999499692217645,0.5072434594181369
-0.5924169229251647,0.2213566183631486,0.5945143529245375
-0.04200861446006393,-0.23624073698102271,-0.503411093730932
-0.5537590395814362,-0.8692818880414698,0.0031754367236209897
0.2330463521111759,-0.7603635110837382,-0.31336230065227716
-0.026375944834920093,0.7633552900424853,0.21516610625763652
-1.239491642639605,-0.16599461315291036,0.6088709996779589
-2.327675575227926,0.35684253291578727,0.40816414297867465
0.29493879855183647,0.5774832604010245,-0.3079212415004139
0.49382532338718677,0.3587456465594199,0.5333376958249954
-0.29653353649093234,-0.15770157065032173,-0.518883971027011
-1.694416511167735,-0.10696245697279488,-0.11885682245974528
-0.10438764365311226,0.15542655070221134,0.4582146774264631
-0.9684067875340779,0.4023212764145505,0.556101415721241
0.9692240771660688,0.6263833889334011,-0.24262166932437906
1.432639096213064,-0.3075324528770531,-0.46477575368258695
-0.4712197855818462,-0.7718589001998131,0.766097869855583
1.1893971247715038,0.4445439253683723,-0.25805519667662913
-0.7279999397274955,-0.0628523926602313,0.20052843747894222
-0.30797536946405357,0.3789801830752655,0.03417511453596328
-0.47820889864510047,-0.7492112030479833,-0.0718689306368971
-0.5242839898231303,-0.4456867250643557,0.13691356381964154
0.24116544330910353,0.2529354539545532,-0.6278404601302503
-1.525241085963906,0.6464269145586244,0.6959514242042092
-0.884158200677647,0.2315097703779265,0.5170648229051815
-0.05169044486280169,-0.5591065279081298,-0.14248744948920716
1.1832745660828,-0.13188390408829057,0.04931321439829815
-0.7338888306657148,0.31197573715635496,-0.5122659762808405
-0.961226572165357,-0.3854255279700465,0.14633690680423367
1.2768170318613314,-0.26521023050592285,-0.6012908068080337
-2.0331466285469992,-0.06728428245121572,0.8821671044148425
-0.6456580310967699,-0.053473810218813755,0.4916410740384778
-1.0234658642869439,-0.20358848308787075,0.16592175426520117
2.1472687706989233,-0.47360321392317317,-0.7237111506319694
-0.3132216903740095,-0.1460771280797304,0.3659897995933374
-1.092399602416099,-0.6991366981206338,0.4634936411909635
0.21123476692323825,0.2719459683260762,0.5928632611279269
0.6016761615147475,-0.4997583359779101,-0.030545049471287024
1.2480233747363414,0.5856879727318914,0.028058824056824184
-0.7063329452617869,-0.25814663891481504,0.47494907406926357
0.12126128079355585,0.6059453625672093,-0.41589797418111296
-0.15427402035994262,0.34770488177313486,-0.007372092785602139
1.163620793938319,-0.743163457696959,-0.08309712235533916
-0.48948687865481316,-0.23914290487664477,0.6007918915689339
1.4236577925284315,0.10569290074886545,0.19193908886211208
-0.21616291317864403,-0.7460236480871943,0.2897729560205867
1.8696708680916025,-0.12342229156039491,0.36144711958431375
0.6089108688261873,0.48354743204091655,-0.004687974438486644
0.41332490346643574,-0.018861640208143987,0.0768919069337682
-0.505224558659819,-1.317568608678662,0.7837428442064994
0.5591683341462906,-0.5700397708289245,-0.116681601755056
0.3378800219350402,0.09379438482312405,0.21635031581410363
-0.40465556546932396,-0.834642815336577,0.5121685317777742
0.5251151470353214,0.353923083448606,-0.3987636838620322
0.27383958071601844,0.26769794456291396,0.06935316808323705
-0.8622423369548831,0.3680461247865354,-0.23432869480095708
-1.132928375341223,0.7623616049239863,0.03324227134398218
-0.974619567405645,-0.378202362126405,0.16529584505832728
-1.6874713523725182,0.07597776012073874,0.36658726573868067
0.18487212147096935,0.042536731986530005,0.16567403989504806
-2.6558453441105216,1.0691151853915495,0.4187176758248849
-0.6702579020084705,0.9012094573754772,0.433315336169348
-0.606323404142115,-0.3550701878210444,-0.13729623230114707
1.231319211290222,-0.31941883025791384,-0.052561582721795855
-0.6535841723992958,0.01078087377348811,-0.3599220636582683
0.8920313506713938,-0.952435298735616,-0.5025838167672217
-0.643099051194047,0.029313376659267913,0.18687386446514748
0.7527190536904391,0.7173983957485037,0.37564668740552876
1.5388635219059459,0.023573931050700374,-0.975467055148396
0.44618314051155455,0.2266435056497391,-0.6123802289169591
-0.11269219035919567,-0.7053437826641414,0.023866356393508373
0.9390329959747226,-0.23629186785117756,-0.0920873256964851
-0.8616986152007043,-0.4427177639002383,0.197938087209471
-0.2849350380782644,0.19405552120843197,0.24386502472474797
-0.11574334395303273,-0.29684841889857816,0.46303297072902616
-1.068675181699227,0.1912860505193774,-0.34863576051875966
-0.6158120445345969,-0.7139333082112126,-0.5262606588368406
-1.8240686658572347,-0.16689989337771108,-0.17876964916662041
-1.2171871010436455,0.4603949997194209,1.2198499667804297
0.7578558345631004,-0.7197185059404646,0.6414440997691071
-0.5982299406927518,0.29694497396080266,0.4262942938404118
-0.7446165018346167,0.2645169549366191,-0.2632826446243778
0.890572057446877,0.6817263349498369,0.2178026251077138
-1.0553456313042537,-0.3713621304773279,0.2021241481848966
-2.5693211812412704,-0.7530415916255954,0.49068832707801247
-2.176973649792192,-0.2924211275570656,0.288514575033235
1.846325538277541,-0.04075722555758539,-0.12644863148448274
1.4527855239696577,0.1487830938056409,-0.4184478157769732
-1.7646943487272007,1.0887965996319788,-0.12560782622866684
0.6150143708708741,0.593109471812668,0.16784084116456133
0.6678448490132399,-0.11839473459747968,0.02959297068531611
0.3628024309150944,-0.14804282400361995,-0.6751906880387288
-1.3217824857469054,0.1205788027970374,0.26856490085289575
1.1798963970462903,1.255804020075348,0.09922820698367506
0.4234136900457283,1.0322585657402215,0.7963888852635761
0.46051503671427513,0.48913533991501934,0.1250063450141214
2.1284119826072243,-1.2667180512512597,-0.538488375956637
-0.24245723569962438,0.997428395014359,-0.6491735207938658
-0.37420236242504495,0.09889084667793943,-0.326188632274604
1.2426201121189024,-0.20975526143965215,0.2174577031329873
-0.6148342875213587,0.010719300584355464,0.45421252512422267
-0.5486077025475805,-0.3294888406503482,-0.09161493224583173
1.615830844060793,0.5797390617469852,-0.2122883080132712
-0.10387786537213986,0.3986643012547072,0.314624766983712
0.5398766256395676,0.9570044214635404,0.10852840565773837
-0.8914614375088584,-0.036282097754477466,-0.21970625576613417
-0.5572548022235573,0.48392473992871643,-0.1602090124807429
1.8872872413500186,-0.18775802775648182,-0.6469417685225852
-1.3471254549307325,0.0705469376750274,-0.15581245942267108
-0.20401969324470606,1.081601599236819,0.3180041916294619
2.4250558711300987,-0.1828704520140914,-0.9261324957111093
-1.0229740810077983,-0.19850596700587642,-0.17053600360457527
0.5848985161665208,-0.07872707494549527,-0.1429635222855402
1.9194014352351647,0.03593225621006614,-0.15541124773447407
0.6805272372759685,-0.08278077824454655,-0.7320836218229914
-1.3460072838278951,-0.03905954823352075,-0.04496030029114191
0.48997678606424677,-0.9086303028987344,-0.3017578049616565
-1.8488397246775246,1.44610013045883,0.2144312115406532
1.3095644837906293,-0.1569471751962227,-0.6800119245624171
-2.2137363615185444,0.1364187143852598,0.6047808836619303
-0.5475792601791315,0.3981532387576917,0.3285688194418584
-0.8699707752070437,0.6376497199270231,-0.22339321339274115
-1.212308521168309,0.41762403569755147,-0.26157429962043394
-0.9246321545147222,-0.3935425826970952,0.6223728371446968
-0.7104349145854855,-0.27767375748069867,-0.0976777230964991
-0.1074518483926348,-0.7658651482761965,0.1915193493772699
-0.9437573792601867,0.032250188729110785,-0.1698262479081039
0.8778795562241132,-1.0328203805470872,-0.25711247140630145
-0.5333969371310253,0.06985953546121915,0.6415861376962819
0.3806570847346246,-0.6189049125486368,0.7621822037865219
-0.001533035503197555,0.047257155895688956,0.17492752235038597
0.36987247519852934,-0.162480839168051,-0.15777302159242967
-1.4714172639311311,0.2784789882365555,1.0143666494505503
-0.8291840620207904,-0.1351273323632994,0.11680055554793088
-0.4192594231074877,0.786240834438244,-0.11112158523847677
0.4800197772227177,0.34392590442488735,0.13760885943398254
0.009175484436242682,-0.273190404579296,0.439333274282954
1.829776579498119,-0.19783008238235328,-0.26057124832935774
-1.9423509589560493,-0.1081401727506376,0.2698049268037581
-1.1441398032973518,-0.4948208301214517,-0.24525289829666674
-0.042261162620040385,0.049504325706980316,0.05806773024397291
2.491261822917125,-0.16816780480211987,-0.6624823658537762
0.48766333230743897,0.08669703092674319,0.29897682022394106
0.5616084325954992,0.777789586301259,-0.14326963175868218
-0.29256196778670707,0.4766176848066316,0.2524583250477734
0.3285439443984138,-0.1352592324484716,0.15281055958920559
1.6947202431264685,0.9843310204873784,-0.5547136976564674
-0.1277730461422811,0.31929618581912567,0.33420291148406356
0.832356633538387,0.18063109700465638,0.22776844410726682
-1.0396577456295224,-0.217349469447559,0.31972920916781333
-0.48084810185241494,-0.21405573604633513,-0.15224185602138898
-1.2440146445964086,1.2459394153922376,0.03650010959658177
0.061915975641468946,0.14508535220112298,-0.4764032180822927
0.05613236711675387,0.7784982389219501,0.5031896242255182
-0.7358284540353695,0.2924712287114881,-0.7009960223292413
0.32575508697805117,0.39051810178474256,-0.43209839305636644
-0.5213671221186531,-0.04922908938476064,0.12687506131060214
1.4839906302601986,-0.2357238426239157,-0.1323724012375324
1.560291962825572,0.11848075072590263,0.066352607779662
0.07423153261993302,-0.12386679206301915,0.024594552538701426
-1.3735603455467984,0.19944443816029978,0.07088891556181055
-0.2116785003333379,0.5794338481723672,-0.18299071957285634
-0.7554417360336986,-0.302439774726008,-0.20043552364274508
-2.0952060144715277,-0.09932372195268555,0.16048005338121213
-0.0376667113487824,-0.8603129250817533,0.17023071256979366
-0.5917171120965067,0.15448722431509296,0.4502109923863517
0.40173710114920974,-0.8822752872682784,-0.16463644979734746
0.3760891756118761,0.1231494743886817,-0.6659893213189629
1.6322899458630076,-0.46622499137145457,-0.7665469319824499
0.5164492385729933,-0.45124355169251507,-0.46451317567336614
1.989854964531467,0.055864638853842005,0.062310209486686016
-0.8138803574946625,-0.04270672496955248,0.15193934876901136
0.5546310483482361,-0.6993033647390949,0.3630632164704554
-0.6948199602874257,0.38234480475099797,1.1993320545807193
-0.1055299487032311,0.5550429710011201,-0.0872798191674395
-1.846256234767003,0.07352291210606034,0.8633851599564103
2.1754789402513306,0.07547232344061347,-0.19212962626230354
1.1561881284267004,0.6724115380286877,-0.24490563175954877
-0.9963970178960626,-0.4182753975321195,-0.1848041555982099
0.7684684823038275,0.50694534283116,0.3423453882416181
0.7321018316996634,0.6347613792017492,-0.004123264731163961
1.2130121411045591,-0.9302646547714782,-0.03587339701822681
0.5661340115048844,0.5179925285955048,0.5596477666048765
1.491138955943797,0.5382267824921937,-0.15892546138471086
-0.830085657075984,-0.15107614080499962,0.5620660686117188
0.8990080051332027,0.5201638581594212,0.1670723128507044
-0.43016984232007444,-0.2346136675906741,0.16231005519526467
2.5364726844096968,-0.5503197648327003,-0.8480587486293204
-0.6615569955939452,0.5041982275115457,0.4762865117264287
0.16068445284437188,0.34442159831047636,0.7579805402458804
0.01169821086529367,0.5378496881099645,0.08942996666152456
-1.902031328998588,0.28005722329005533,0.07960022307076185
-1.5108570197251892,-0.3221911027640828,0.6274684599149573
-1.7060625260209663,-0.08568226966586553,0.23644988147255813
0.6370601079507057,-0.39663969628198703,0.16794265774527078
-1.7963993652126127,0.3357867974750438,1.4718301350607341
-0.8551601546577016,-0.2680042242642643,-0.04210621095145399
0.19565888001165674,0.2431119977953531,-0.10990721818478845
0.32584468732518584,0.4793824554162984,0.8812541125078817
-0.8609225891742069,-0.3999642683424628,-0.5440582638410093
0.8503819591773868,0.23444940839333975,0.24947726051199157
0.65361136037508,-0.08095740573955783,-0.2502710497107603
-1.4591664366569146,-0.12220560813070683,0.01745197052437546
0.45067433212832886,0.8769094166596886,0.2655327122884134
-0.8934304586738597,0.13560112166071087,0.09193090803352354
-2.1458546189112844,-1.078663012522513,0.11483884334551496
-0.2180928228615965,-0.45213162055436995,-0.1767534346032657
-0.755830842786036,-0.008254149306194426,-0.01671023720039123
0.46483053110670697,0.7445807298092869,0.1450028717518357
0.6237476705648098,1.1119241944655833,-0.1222328972824366
0.5774446190537995,0.12780233831593707,0.20133656675463074
-1.3570120539296489,1.1560774987632152,0.25097787418449985
0.11704604207031956,0.6652873137342129,0.5061265455835775
-0.34060961658645306,-0.33376743777693263,-0.40209536894310505
0.23196868153807063,-0.12379473354931975,0.4222656154667775
0.6640001986326207,0.8558112098656417,-0.3262198712051325
-0.09582034154888447,0.08584666594925495,-0.21168150715672004
0.6885972889398924,0.6773967338289755,0.16099244206307245
1.1093345545583722,0.7705400344836627,-0.42249441523768705
-0.4195717916148472,-0.34360024005984036,0.8985467560160502
0.2219515556577686,-0.4569964471219178,0.4411444245617628
0.6169671792665918,0.13568893646811322,-0.21633978704772533
-1.4176281697080928,0.6439160930776978,-0.3777757383799427
-2.3008568149923625,-0.08636776304506169,0.07098835504708105
1.1169891841826693,-0.13403535142252782,-0.29520484442874406
-1.3206294036379584,0.1826903665535204,-0.39027371082099327
-0.018137759232815614,0.7338729054147829,0.4155649396842945
-0.580595783786356,0.741906503681489,0.03306765466347861
-2.6622123676474008,0.405500070974265,0.41905653106146457
0.7559710036803582,0.6234563621998627,-0.2670130743150372
-1.2141548346834363,0.902632673800344,-0.10758034941108129
-0.15904126046854858,0.5697849563644183,-0.2424090166262715
-0.0959072406779558,-1.0129891386671432,0.10360306787862654
-0.08620174995804297,-0.7606197253909728,0.013424902009760872
0.1264018424659685,-0.8838119032267197,0.2784812482294646
0.34256364827382946,0.7846826157430933,-0.46572740671814233
0.6507548094358369,-1.1276373942925888,0.7700945451872336
-1.03990674165881,0.022137644642726453,-0.13056858297739182
2.0077491952376807,-1.0158667753040993,-0.1700685766400893
-2.156873436446298,0.5398908305651836,-0.5479238143786692
0.5595640619535186,0.643838164748823,0.43654724912443243
-0.6148883389036969,-0.23232727322948324,0.3624359755742208
0.29613833537775736,-0.5232042569700028,-0.11703438133898937
1.9567112557986726,0.04549383444919148,0.495440483171878
-0.346245604187207,-0.2815336255289511,0.4441437411022036
0.09659367826947968,-0.5808280906264194,0.43247959800358576
-2.094716956245779,0.7191830969429418,-0.45471526962144504
0.9713236400737604,0.13361779741116328,-0.16543884342265935
0.46037219923829825,0.373814692686685,-0.31740365338543086
-1.9117498108373436,-0.17079807927034185,0.39070724401629703
0.05171370761132903,-0.02009849011002869,-0.3622594446365392
2.0332147550445994,0.3821230942994821,0.40911743560877645
-2.1144065084066366,0.7157432136553932,-0.20555711043215968
-0.6416608910829713,-0.5205434523123206,0.3546112383712555
-1.690981062730832,-0.6639135705593775,0.24944282625154732
0.4232862149421552,0.4468810325809962,-0.2732594142842364
0.12873387132255337,-1.0432323483355468,0.2719996557599497
1.198896937598843,-0.4829929298096519,-0.14305055291600294
-1.4818903337698326,0.4456382536385246,-0.1687973027609627
-0.4271131594785123,-0.29634215275599374,0.2634276688868586
-1.5501470096770584,0.7639830099748319,0.11602209554147556
-2.4263255718113883,-1.4157859837187405,0.5484782153474711
0.6138016520034386,0.052347939455837475,-0.47465193731056343
1.419233628079915,-0.7147839595162412,-0.2072351261252306
-1.8553644543664307,0.6713664314647091,0.5100520549025329
-1.401427563923402,-0.16814367174130426,-0.2331133328236924
1.3868657658806445,-0.23015124801755826,-0.22119223271517402
0.7265971024120682,0.0852617479338502,0.45255381155946883
-0.8243467388572772,-0.6411088177703661,0.04901277946962769
1.6310745030690814,0.2808782326901831,-0.44038525246169113
1.254367110358051,0.12365822923464936,0.17722873634874636
1.1215131891461447,0.6480725767881221,0.33352115147030115
-0.6354117497226801,-0.3864835181351808,0.2797242779205852
-0.5418669240210363,0.7141885290144979,0.16774576697539154
-2.2109610277688634,1.729196888681645,-0.2906095971770851
0.7607221094095793,0.14813754993701853,-0.42451190229246627
0.2531406819797085,-1.6080605230034872,0.378803638538798
-0.5944618664555489,-0.0593621333057264,0.36594055920193524
0.7947512900591808,0.4919155010302547,-0.08906602153083336
-0.2050234803505939,-0.09752365207519938,0.2393461873186683
0.8312278518735731,-0.13914049210032747,-0.43027082419671586
0.373331900356867,-0.25642097488248705,-0.00016683700917801553
-0.6622831352827906,0.2589867673889732,0.09627487901038755
-2.603918650193329,0.2187147979348512,1.2928190452751465
-0.6623761508640877,0.762923838191127,-0.31260733967508847
1.7214433180582167,-0.3328919198567424,-0.18758152469908398
-0.2285002153304778,0.24272459892891793,0.3180941723709249
-1.3056618636509776,-0.05755508271349555,0.07064769943393069
1.0293263894855704,0.25803989522986404,0.08206242589925404
1.1194801787429278,-0.5090752548429673,-0.5859533949457554
1.2276289032095784,-0.5413989150252079,0.1300914832736989
0.393599004697584,0.7826793415693623,-0.1435743375426377
0.8349294303973475,-0.2826472767509156,-0.2960163044870959
-0.8599847425771067,-0.3675470153537377,0.09488407144095187
0.9632186213419102,-0.4483064475088967,0.4302762804068223
-1.6365884256103265,0.43981218012361545,0.6098418303585786
0.016160355592655818,-0.5363015750364577,-0.1261011288230731
-0.14922265536421878,0.1482224772877697,0.31336093387703906
-0.6807432741242969,0.9794386655808663,0.1556186647044395
0.904531103965774,-0.1660415796062012,-0.25278591876174883
-0.21547534081624983,-0.6949802655744496,0.10512953377913367
2.259319806210175,-0.5765745718881214,-0.5569539583330682
1.619517154291507,-0.05418008516172866,-0.03500834483698599
0.03378379508849953,-0.6528599419076979,-0.2269999165059673
1.0884300776584515,1.0658872574047447,0.7351801697001964
-0.18179307474263906,-0.7751109827749295,0.10820177164122449
-0.5426677036755139,-0.06190600391509227,0.4063170330135926
1.4300156750765602,-0.11540378400846016,0.1649009569707869
0.18330040011853801,-0.4108291747567052,-0.10887217062172073
-0.4515367040290389,0.7121739669787458,-0.12711822672183945
-0.1480932999137614,-0.9068378249375191,0.43107147004088786
0.4391638372193312,-1.0680780245388384,0.07908757795174752
1.6282735035512734,-0.1888184010282477,0.3618515438418842
-1.2546058099045738,1.1915577006954572,0.5751890822489648
-0.46922339184520057,1.2210245676744007,-0.001313792046811934
0.3312034634089677,0.2949137766732671,0.6054268211005419
2.232986231048284,-0.4571452463047624,-0.09689063334691857
0.16860733770591435,-0.012691544675615968,0.11286822711621594
0.7637280082331821,-0.8287504478312931,0.024827296918658887
2.2005405704909675,-0.4456776255210223,-0.03463336461859352
0.05179076966997001,0.12906553998420517,0.3035906064501711
-2.2415922529924863,-0.1933391002148078,0.7528860245235754
-0.8035976759585609,0.14370969849817652,-0.24572160711607438
0.20968054719955162,-0.6787394074249337,-0.12182113705213389
2.4150632496598843,-0.8020110942345857,-0.4213559228726408
-0.15298285831411443,-0.07405249826072281,0.09551923108417798
-0.4473681172768341,0.20528249217498987,0.23646339959687812
-0.05139165552783728,-0.8779271383785313,0.16221826300417957
0.33204969627872805,-0.71139681346911,-0.2976226580301532
1.792587673344043,0.1299044270604746,-0.1791342154188574
0.2457840681511441,-0.4915135327326903,0.26290719260594075
-1.11734057093764,0.24274851789660634,-0.5523130067019735
1.0410238740826834,-0.6571133764786501,-0.1425536233407019
0.052870685038615584,0.6501384195436845,0.29615975257088367
1.5356753078146224,-0.0012788199116980474,-0.6205508601131737
-0.7928158420983009,0.5037505147560691,0.10937429792014368
-1.7418546994410846,0.45975474036363995,0.4252475961862692
-0.07404908844536993,0.011533500010469471,0.003581104504278794
-1.4665203345943905,-0.4526821248740408,0.2601364172899209
0.9892708969308486,0.5882711707280837,0.7005846712455678
1.355432741715635,1.2753892372814588,0.35367262059165006
-0.35908559911197657,-0.2819288787134354,-0.02648577556003968
-1.518324799284394,-0.6026358361777969,0.563896851859823
-1.062929704502001,0.34241217777580746,-0.40069278048259754
-0.7317830865492162,-0.3511355949629026,-0.10727585328599713
0.11781131308781079,-0.026108525000208598,-0.3577415691826496
-0.26279319251771577,1.3559051718857975,0.49886698934492063
-1.269066609246734,-0.11961618708424279,0.37195053333725747
0.21263049387935376,-0.22662982900248935,0.10642512923055059
1.3944643339825225,0.4482338011465892,-0.4440802663534733
-0.21523404542072652,0.1119882864578762,-0.4223564656966717
0.25240613420359903,-0.3060253871950305,0.2068388417598404
-0.8103197104530682,-0.41896674317477767,0.6658018528539905
1.6297589693945895,0.42521787374507225,-0.20121394260496644
0.5432653402368303,0.07821510901166201,0.168130744724112
2.6190062445141105,0.72837668198716,-1.3008133862548656
1.447038925224896,0.5398147473900723,-0.8828894094608184
-0.7408162370123625,-0.37381915666089227,-0.11939184664917522
0.4007154924107335,0.21063429660782101,-0.13038977551276001
-0.4996672969726413,0.8009000352224404,-0.14725789443309062
0.3055910639447972,-0.08483318195705605,0.11586750636076872
0.43305847311827017,0.6492552774007693,-0.41696118367380375
0.7756599307599136,-0.09179383867534041,0.6182203144510191
-0.7589561526114044,0.23966581318785515,0.17913608140971085
0.5784314307086513,-0.3175893033120353,-0.07384929186874342
-1.767201820743875,-0.4477109421739932,0.04616211607256014
-0.17155922556906164,-0.639370310525279,0.2789124440481265
0.33519831188592586,-0.21497404708068008,-0.047082675089667736
0.5226788264837159,-0.27689866136825725,0.2338387814075577
-0.8314797027657188,-0.1547717390584588,-0.5178275218310963
-0.09948307336340678,-0.7711025104611547,-0.38934763824556684
-0.21796380640884816,0.189531065519812,-0.03944754814856821
0.6694524724826117,0.8377245542194744,0.3472875614258116
-0.28406632370020735,0.5319967443906265,0.0582839281733398
-1.2327222213515576,-0.07219058429261115,0.042128622919386446
0.4658507950031996,0.5413034645406826,-0.3463239079947521
-0.7278611322534798,0.007127783190118002,0.10510412469229032
0.017853478147781387,-0.32908967485962326,0.3509580768216197
0.4634612348628664,-0.5575510395592671,-0.27078046380735854
0.09347458410418402,0.32767588262867064,0.44813209779948027
-0.32051634374190946,0.2837762647878028,-0.5285525924115616
1.244354620067042,0.4176541293256487,-0.18903007932053756
2.697248709280093,0.8890879217996437,0.5049281092663747
-0.95303788445451,0.5273221568958804,0.9202349530438675
1.3841402707465251,0.45359675048987136,-0.2868644272745411
-1.0496321822182062,0.5747552208812868,0.4845974951033719
-0.44432129585085756,0.593546868235329,-0.7150661909842542
-1.087091387203392,0.28837799336391645,0.25547815139839153
0.34417084960866134,0.9385435520195269,-0.5747514430365213
0.1779159956538121,0.7939945060693764,-0.23116230761327144
-1.2018773663693139,-0.5754871483086306,0.04761772987318273
-0.5782947474202906,-0.3105442279232188,0.09336818080638266
-0.8606142567418295,0.37378020248285515,0.7049308866246777
0.233394223399956,-0.6544267532427472,0.35090003541584913
-3.0037948974741506,-0.5514504726530243,0.673084568346841
-0.6088429899238383,-0.14004070808715238,-0.26431536875423123
0.6738465471683888,0.8095511505568088,-0.16980146053464504
1.0641213609209097,0.04941222965244664,-0.2276604973870454
0.883536116842654,0.4376747031790448,-0.3991473268071788
2.2870890925244463,-0.5972689409268164,0.2654221280005274
-0.27899644691746844,-0.10675904809145415,0.08051906086002247
1.7117340511629124,0.35642925789550506,-0.18634630305153277
0.4397372886354813,-0.07254823897370337,-0.41846816904065354
1.633748160363538,-0.48171667891585446,-0.2695562887705556
0.12449403613547595,-0.8060419017761252,-0.0008390813273038283
0.21879106262268924,0.3189226902901757,0.4947155005873114
0.9071476261575604,-0.12404290232688583,-0.5981421950503422
2.193034643690677,0.3732712650172203,-0.7827625665582146
1.0044058547311525,-0.7627079337543454,0.06519758003497882
0.238951960547074,-0.11983418058540174,-0.29642034776108056
-0.11861883061485065,0.3348563146166206,-0.3980308996017212
0.4150657253319185,-0.7817888638819002,-0.34702972893763395
-2.132158212855985,-0.055035998830640614,1.0435427799864443
-1.3297655004359694,-0.6885225898248329,1.0245853227055983
-0.4623662871902147,-0.16017986382164182,-0.14965248722332164
0.5270522258118433,0.30959764474148277,0.31637311081668945
0.7701486127707294,0.12828828255341546,-0.1568412585461219
1.9889153464280993,-0.12563604519725352,-0.1677955952187712
-0.3588606484216711,-0.5531116103646384,1.2007265352509047
-1.5718298364403422,-0.11478041514549742,0.3960887806968076
0.8669200881201387,0.8275596395624184,-0.36582540075596615
0.868861050726815,0.6284136343396151,-0.022957498073755588
1.0801691048786835,0.08802170266289444,0.02009949441539168
-0.5506411768382824,-0.004606745936155197,-0.25265674342730904
-0.2159167678990111,0.7757560137261077,-0.6798191612254751
-0.9258682555290132,0.011106668401453426,-0.39404834250342036
-1.9111681632998625,0.2441864748796258,0.2991336067343553
0.22568597218380376,-0.5859999651407373,-0.1689803271530279
-1.367893426634314,0.30717013027767637,0.72676105448916
0.5936425308867423,0.4722995220108698,-0.06165405083566762
-1.678758061876123,0.4251897770765519,0.8801698958524918
-1.0754437554303358,-1.199695519644626,-0.3100765197219273
0.8067856293776023,0.23372727966006343,-0.43506897483034507
0.9574346057659993,0.03835842384381926,-0.40536555305783845
-0.8221000497311125,0.4499604349551529,-0.7992474994110534
0.8641790645956414,0.6071800683383228,-0.3836944971074336
-2.425398653506076,-0.366732220651667,1.3147151494627374
1.779507130455756,0.5000230967423377,-0.008662511517068549
-0.3319615099226115,0.8684342613609206,-0.15717468133762297
0.6730343515198998,-1.4244868031256248,-0.004856417178368769
0.36175957321673397,-0.49487503253282106,-0.010857857727643149
0.44541788381630293,0.7412979381525221,-0.5275530263447011
0.11295830375859237,-0.3135292126049999,-0.7341658908667447
1.4857447976803995,-0.10383521241270333,0.29138154606331146
-0.35389121542548685,-0.03522482254871835,0.42202248088668465
1.1993795322044625,1.338820416939588,0.055498185162543776
-0.5136132286099572,-1.1570187738515572,-0.5302427937138628
2.4180023738394354,-0.8774045628277427,-0.37390611254288375
0.5943859752418748,-0.09215971488872814,-0.11715367621837224
-0.4845840125554057,-0.18921108118022495,-0.1021205657315526
0.25095804667480087,-0.450393579641823,0.266967019223763
1.0463051522459528,0.2170592571383124,-0.023248502943160314
-0.1730982062547835,-0.25554464109465835,-0.16163030777822088
-1.2786146981207522,0.06201831684271602,0.2859242506466722
-2.843696578918622,-0.21027257963074775,0.13810874054671946
-3.058687106513787,-0.23129606733303404,1.089157322412943
1.2951548757876021,0.7322876101422144,-0.4321723066845561
0.1848439430570449,-0.48967094641852504,0.1598002643083372
-1.6431963018925118,-0.13988784733173795,-0.15412655191552382
0.5193881555377706,-0.0892266148199879,0.5544708918059055
0.7785482383324661,-0.21846049581404334,-0.32175266437839994
-0.41565005469468735,0.651936241404141,-0.15757583538984915
-1.0566884213250245,-0.15059855089667948,0.5889099661531043
0.2900462602475113,-0.17438949204567541,0.9702907408435317
0.7979779012291646,0.817752917905317,-0.655253606356615
-1.772519736029909,-0.764047310681621,0.38507022209838915
-0.8881525435578909,-0.2804506368589951,-0.12564375220135598
1.35024387561378,0.7312946577876728,-0.2827430040876827
0.8758783275490465,-0.720614252516906,0.729004619446236
0.018800112612610127,-0.014776476068482328,0.27848498808195676
1.7633566767254363,-0.049847984249140095,-0.4143031824840622
0.7618102839997559,-0.6190191024574314,-0.1040297100058478
1.8967988179612505,0.5532734753073936,-0.4020621720408073
0.34396645991022423,-0.31140890740649674,0.19223694564024152
1.2226984564288386,-0.26033534358535293,0.24834223133068545
-0.017429682380320468,0.26944806335040516,-0.398074156882118
-0.9106088370942542,-0.8093763334653425,0.24029125679417526
0.822374463516261,0.07692372189725596,-0.3958358815985967
1.1348639735826387,-0.1952139549403208,0.571639085917548
-1.1257507623958598,0.15470003506021637,0.42329039756965103
0.7468351895528467,-0.3786604355378608,-0.12173489288827934
-0.7777318713535457,0.006780909863412052,0.8360793120433393
-0.24007160649855983,0.34862544070645896,0.6960501417542785
-0.6506765027379053,-0.38932699980219454,-0.26187205574744066
-1.2922904145172622,-0.19601382699460762,0.545118701944055
2.070510386123588,0.9567233833727032,-0.5087099664653237
-1.506358215897829,-0.49477770360611806,0.5588143584172361
1.7127735617403603,0.2983181830323284,-0.5931912521894412
-1.8898286008343141,0.5852991830472892,-0.0818147903774989
0.5799070751496439,-1.0507040483133416,-0.4490694533876179
-0.8778055369159625,-0.1497282299006441,0.1048287609738828
1.3084699462288998,1.1508922295922466,-0.41261029077559774
0.6372398585277379,0.18684251951225014,0.30136012655719346
1.7147454386174312,-0.33300511405665867,-0.7902456023984806
0.2916454444377084,-0.4986223836726026,0.986750024107382
-0.6925946981574409,-0.3075784259163743,0.32827655976889747
0.074858265322829,0.13738610870305662,0.4422232222533467
3.010749471989613,0.27448667603151866,-0.6287267541309848
-0.01260828514986843,0.2280066219457981,-0.14350559638377017
-2.234022238949193,-0.13499836477875482,0.2983089892020086
0.6432644566136894,-0.5516293413688355,-0.15931679292279158
-0.6584043343542568,0.6915918796914756,-0.17257752913801996
-1.6357492076678393,-0.1624559080354755,-0.05636537092634848
1.299157165395645,-0.5232646200084915,-0.5442240688809694
-0.10817986320441472,0.48397206064783493,0.3384743903269719
-1.1566517154317675,0.41191446595524084,-0.2236631912865293
-0.041725965976544696,0.9229920577943258,0.37850120654114866
-0.22498461626435667,-0.7085378568969769,0.1473694803866324
-0.010240779574821886,0.04238535699595181,0.8578817141018219
0.09236688820286793,-0.17447020689614268,-0.6454576324680429
0.6307100769294309,1.244579696524094,0.20684372561241277
0.8474240218799701,-0.1491942700739293,0.8286817630961559
1.901773892256945,0.08048591478089301,0.4254832536812618
0.44901602228679616,0.3060308001560911,0.05204898135372785
0.8381499748433532,0.6563854867076166,-0.23747738455545137
-1.4499454333966784,-0.06962623770036672,0.18859766666092792
-0.939298396098906,-0.1972039347874915,-0.08770627887055647
0.2511716393314181,0.07737765967729232,-0.5500774205016544
1.4277377938648574,-0.03222136085104441,-0.3033825552651379
1.1535804255187776,0.20935174933027467,-0.3598986988551036
1.9725317086516772,-0.17507934868155764,0.12975444016395543
1.365744758187993,-0.13880189724339884,-0.2529422802221548
0.1081813135595231,-0.37299211959631917,0.7594751240637625
-0.2381526447709579,-0.8974900039994104,0.6509020591345142
0.00574544216661867,-0.8859043671560888,-0.43368873115654766
-1.5140112698585722,0.0931972897441017,0.31304110607247554
0.6074478364271702,0.15032209332046165,0.6143959132697951
1.3704275350572013,0.4671623843946141,-0.09849772603996175
1.0239591631552216,-0.23417212689735079,0.12264472623482749
0.224593442504287,0.1595715750026145,0.20715430276158964
